transaction_id,price,date_of_transfer,postcode,property_type,new_build,tenure,address,locality,town_city,district,county,ppd_category_type,record_status
{0E082196-E54C-5C09-E063-4704A8C0A10E},185000,2023-10-24 00:00,M41 8RR,F,N,L,25,,LAMBOURN ROAD,URMSTON,MANCHESTER,TRAFFORD,GREATER MANCHESTER
{0E082196-E62C-5C09-E063-4704A8C0A10E},399950,2023-11-14 00:00,M41 0SB,S,N,L,17,,AYLESBURY AVENUE,URMSTON,MANCHESTER,TRAFFORD,GREATER MANCHESTER
{0E082196-E6E4-5C09-E063-4704A8C0A10E},315000,2023-09-22 00:00,M41 8DD,S,N,F,11,,FILEY AVENUE,URMSTON,MANCHESTER,TRAFFORD,GREATER MANCHESTER
{0E082196-E4E7-5C09-E063-4704A8C0A10E},282500,2023-11-20 00:00,M41 5DR,T,N,F,240,,FLIXTON ROAD,URMSTON,MANCHESTER,TRAFFORD,GREATER MANCHESTER
{0E082196-E6FF-5C09-E063-4704A8C0A10E},430000,2023-09-27 00:00,M41 9HG,S,N,F,57,,CUMBERLAND ROAD,URMSTON,MANCHESTER,TRAFFORD,GREATER MANCHESTER
{0E082196-E4F0-5C09-E063-4704A8C0A10E},270000,2023-08-18 00:00,M41 7EA,S,N,F,8,,DENNINGTON DRIVE,URMSTON,MANCHESTER,TRAFFORD,GREATER MANCHESTER
{0E082196-E502-5C09-E063-4704A8C0A10E},220000,2023-11-30 00:00,M41 7NJ,S,N,F,19,,AMERSHAM CLOSE,URMSTON,MANCHESTER,TRAFFORD,GREATER MANCHESTER
{0E082196-E503-5C09-E063-4704A8C0A10E},270000,2023-08-04 00:00,M41 9AQ,S,N,L,25,,CENTRAL DRIVE,URMSTON,MANCHESTER,TRAFFORD,GREATER MANCHESTER
{0E082196-E721-5C09-E063-4704A8C0A10E},220000,2023-12-20 00:00,M41 6EG,S,N,F,3,,RYDAL AVENUE,URMSTON,MANCHESTER,TRAFFORD,GREATER MANCHESTER
{1061746E-2A5A-3C34-E063-4804A8C0F9E7},284000,2023-10-23 00:00,M41 6PN,S,N,F,20,,DEVON ROAD,URMSTON,MANCHESTER,TRAFFORD,GREATER MANCHESTER
{06C9F488-0DB3-9388-E063-4804A8C0BD98},200000,2023-08-25 00:00,M41 9BE,T,N,F,30,,ALBERT AVENUE,URMSTON,MANCHESTER,TRAFFORD,GREATER MANCHESTER
{06C9F488-0575-9388-E063-4804A8C0BD98},200000,2023-06-16 00:00,M41 8QT,S,N,F,44,,WOODSEND ROAD,URMSTON,MANCHESTER,TRAFFORD,GREATER MANCHESTER
{06C9F488-0F1C-9388-E063-4804A8C0BD98},11200,2023-08-07 00:00,M41 7NN,O,N,F,148,,BROADWAY,URMSTON,MANCHESTER,TRAFFORD,GREATER MANCHESTER
{1061746E-2E8C-3C34-E063-4804A8C0F9E7},235000,2023-04-14 00:00,M41 7FU,S,N,F,103,,SHETLAND WAY,URMSTON,MANCHESTER,TRAFFORD,GREATER MANCHESTER
{2F7F2B43-31BF-E08F-E063-4804A8C05A49},415000,2023-12-01 00:00,M41 5TE,D,N,F,8,,WROXHAM AVENUE,URMSTON,MANCHESTER,TRAFFORD,GREATER MANCHESTER
{1061746D-F2BC-3C34-E063-4804A8C0F9E7},325000,2023-11-03 00:00,M41 8UP,S,N,F,9,,FALMOUTH AVENUE,URMSTON,MANCHESTER,TRAFFORD,GREATER MANCHESTER
{1061746D-F525-3C34-E063-4804A8C0F9E7},284500,2023-12-15 00:00,M41 8TT,T,N,F,19,,DERWENT ROAD,URMSTON,MANCHESTER,TRAFFORD,GREATER MANCHESTER
{1061746D-F534-3C34-E063-4804A8C0F9E7},336000,2023-11-10 00:00,M41 0RT,S,N,L,15,,WIMBORNE AVENUE,URMSTON,MANCHESTER,TRAFFORD,GREATER MANCHESTER
{1061746D-F7A1-3C34-E063-4804A8C0F9E7},315000,2023-10-26 00:00,M41 9EG,S,N,F,50,,SOUTHGATE,URMSTON,MANCHESTER,TRAFFORD,GREATER MANCHESTER
{01EB45EF-EEEE-40F3-E063-4704A8C05FDE},368325,2023-06-28 00:00,M41 8WU,S,N,L,104,,WOODHOUSE ROAD,URMSTON,MANCHESTER,TRAFFORD,GREATER MANCHESTER
{1061746E-1755-3C34-E063-4804A8C0F9E7},320000,2023-12-04 00:00,M41 5GL,T,N,F,13,,DELAMERE ROAD,URMSTON,MANCHESTER,TRAFFORD,GREATER MANCHESTER
{1061746D-F2BF-3C34-E063-4804A8C0F9E7},538000,2023-12-01 00:00,M41 6GS,S,N,F,30,,IRLAM ROAD,URMSTON,MANCHESTER,TRAFFORD,GREATER MANCHESTER
{1061746D-F2C2-3C34-E063-4804A8C0F9E7},300000,2023-08-21 00:00,M41 5GT,S,N,L,7,,TREVOR ROAD,URMSTON,MANCHESTER,TRAFFORD,GREATER MANCHESTER
{1061746D-F2C6-3C34-E063-4804A8C0F9E7},191000,2023-09-22 00:00,M41 0UF,F,N,L,HAZELWOOD COURT,FLAT 6,DERBY ROAD,URMSTON,MANCHESTER,TRAFFORD,GREATER MANCHESTER
{1061746D-F549-3C34-E063-4804A8C0F9E7},185000,2023-09-29 00:00,M41 5SR,F,N,L,6,,THE SPINNEY,URMSTON,MANCHESTER,TRAFFORD,GREATER MANCHESTER
{1061746D-F556-3C34-E063-4804A8C0F9E7},270000,2023-12-15 00:00,M41 6ER,S,N,F,33,,TOWN GATE DRIVE,URMSTON,MANCHESTER,TRAFFORD,GREATER MANCHESTER
{01EB45EF-EEFD-40F3-E063-4704A8C05FDE},380000,2023-06-12 00:00,M41 8NX,S,N,L,15,,SELBY DRIVE,URMSTON,MANCHESTER,TRAFFORD,GREATER MANCHESTER
{01EB45EF-EF15-40F3-E063-4704A8C05FDE},550000,2023-05-17 00:00,M41 8GL,D,N,F,8A,,DARESBURY AVENUE,URMSTON,MANCHESTER,TRAFFORD,GREATER MANCHESTER
{1061746D-F2FF-3C34-E063-4804A8C0F9E7},290000,2023-06-05 00:00,M41 8RA,S,N,L,17,,TANHOUSE ROAD,URMSTON,MANCHESTER,TRAFFORD,GREATER MANCHESTER
{1061746D-F303-3C34-E063-4804A8C0F9E7},205000,2023-10-30 00:00,M41 0XZ,T,N,F,22,,GLADSTONE ROAD,URMSTON,MANCHESTER,TRAFFORD,GREATER MANCHESTER
{1061746D-F56E-3C34-E063-4804A8C0F9E7},250000,2023-12-14 00:00,M41 6HD,S,N,F,252,,CHURCH ROAD,URMSTON,MANCHESTER,TRAFFORD,GREATER MANCHESTER
{2F7F2B43-3470-E08F-E063-4804A8C05A49},263499,2023-12-07 00:00,M41 5RL,S,N,F,2,,LOSTOCK AVENUE,URMSTON,MANCHESTER,TRAFFORD,GREATER MANCHESTER
{01EB45EF-EF6F-40F3-E063-4704A8C05FDE},325000,2023-06-15 00:00,M41 5QL,T,N,F,36,,DELAMERE ROAD,URMSTON,MANCHESTER,TRAFFORD,GREATER MANCHESTER
{1061746D-F384-3C34-E063-4804A8C0F9E7},195000,2023-12-08 00:00,M41 9NB,F,N,L,54,,HARCOURT CLOSE,URMSTON,MANCHESTER,TRAFFORD,GREATER MANCHESTER
{01EB45EF-F142-40F3-E063-4704A8C05FDE},585000,2023-06-05 00:00,M41 9GS,S,N,F,3,,CROWN GARDENS,URMSTON,MANCHESTER,TRAFFORD,GREATER MANCHESTER
{1061746E-1818-3C34-E063-4804A8C0F9E7},264000,2023-10-23 00:00,M41 6NQ,S,N,L,22,,ARUNDEL AVENUE,URMSTON,MANCHESTER,TRAFFORD,GREATER MANCHESTER
{1061746D-F612-3C34-E063-4804A8C0F9E7},335000,2023-10-20 00:00,M41 9FN,S,N,L,62,,RIVERSIDE DRIVE,URMSTON,MANCHESTER,TRAFFORD,GREATER MANCHESTER
{01EB45EF-F18C-40F3-E063-4704A8C05FDE},442000,2023-01-31 00:00,M41 8GL,S,N,F,8,,DARESBURY AVENUE,URMSTON,MANCHESTER,TRAFFORD,GREATER MANCHESTER
{0E082196-FC08-5C09-E063-4704A8C0A10E},322500,2023-11-20 00:00,M41 5DB,T,N,F,19,,LIME AVENUE,URMSTON,MANCHESTER,TRAFFORD,GREATER MANCHESTER
{0E082196-FC1F-5C09-E063-4704A8C0A10E},375000,2023-11-24 00:00,M41 9PB,S,N,F,33,,HILROSE AVENUE,URMSTON,MANCHESTER,TRAFFORD,GREATER MANCHESTER
{12A8BAB6-6101-2125-E063-4804A8C08CC1},350000,2023-06-16 00:00,M41 0XN,S,N,F,22,,GREENFIELD AVENUE,URMSTON,MANCHESTER,TRAFFORD,GREATER MANCHESTER
{12A8BAB6-4AD8-2125-E063-4804A8C08CC1},420000,2023-12-05 00:00,M41 5BG,D,N,F,132A,,FLIXTON ROAD,URMSTON,MANCHESTER,TRAFFORD,GREATER MANCHESTER
{12A8BAB6-4B5F-2125-E063-4804A8C08CC1},286500,2023-11-20 00:00,M41 6FE,S,N,F,66,,SNOWDEN AVENUE,URMSTON,MANCHESTER,TRAFFORD,GREATER MANCHESTER
{12A8BAB6-4B95-2125-E063-4804A8C08CC1},415000,2023-11-23 00:00,M41 9PD,S,N,F,178,,BRADFIELD ROAD,URMSTON,MANCHESTER,TRAFFORD,GREATER MANCHESTER
{045A1899-5C8D-9A24-E063-4804A8C048EA},295000,2023-06-23 00:00,M41 6NA,S,N,F,138,,IRLAM ROAD,URMSTON,MANCHESTER,TRAFFORD,GREATER MANCHESTER
{12A8BAB6-5D54-2125-E063-4804A8C08CC1},455000,2023-11-17 00:00,M41 9AN,T,N,F,21,,ASHFIELD ROAD,URMSTON,MANCHESTER,TRAFFORD,GREATER MANCHESTER
{12A8BAB6-5DC8-2125-E063-4804A8C08CC1},360000,2023-11-13 00:00,M41 8UD,S,N,F,98,,DERWENT ROAD,URMSTON,MANCHESTER,TRAFFORD,GREATER MANCHESTER
{12A8BAB6-5DD6-2125-E063-4804A8C08CC1},150000,2023-11-30 00:00,M41 0UP,F,N,L,55,,WINCHESTER ROAD,URMSTON,MANCHESTER,TRAFFORD,GREATER MANCHESTER
{12A8BAB6-5EB3-2125-E063-4804A8C08CC1},307500,2023-09-22 00:00,M41 9QA,S,N,F,139,,MOUNT DRIVE,URMSTON,MANCHESTER,TRAFFORD,GREATER MANCHESTER
{12A8BAB6-4A43-2125-E063-4804A8C08CC1},285000,2023-06-12 00:00,M41 9NR,S,N,F,4,,HARCOURT AVENUE,URMSTON,MANCHESTER,TRAFFORD,GREATER MANCHESTER
{12A8BAB6-4A6D-2125-E063-4804A8C08CC1},318000,2023-10-13 00:00,M41 5GN,S,N,F,63,,WHITELAKE AVENUE,URMSTON,MANCHESTER,TRAFFORD,GREATER MANCHESTER
{FAC30767-D24A-5E20-E053-4704A8C004EE},234000,2023-03-22 00:00,M41 5GW,T,N,F,354,,FLIXTON ROAD,URMSTON,MANCHESTER,TRAFFORD,GREATER MANCHESTER
{12A8BAB6-28D3-2125-E063-4804A8C08CC1},317500,2023-11-10 00:00,M41 6LH,S,N,F,10,,WYNDCLIFF DRIVE,URMSTON,MANCHESTER,TRAFFORD,GREATER MANCHESTER
{12A8BAB6-29C5-2125-E063-4804A8C08CC1},272500,2023-11-10 00:00,M41 9BL,T,N,F,44,,POPLAR GROVE,URMSTON,MANCHESTER,TRAFFORD,GREATER MANCHESTER
{12A8BAB6-2A4F-2125-E063-4804A8C08CC1},275000,2023-11-24 00:00,M41 6WX,S,N,F,8,,ALTON AVENUE,URMSTON,MANCHESTER,TRAFFORD,GREATER MANCHESTER
{12A8BAB6-2AB0-2125-E063-4804A8C08CC1},253000,2023-11-30 00:00,M41 9EE,T,N,F,12,,CROSS STREET,URMSTON,MANCHESTER,TRAFFORD,GREATER MANCHESTER
{045A1898-C8EE-9A24-E063-4804A8C048EA},120000,2023-05-18 00:00,M41 9JE,F,N,L,9,APARTMENT 44,MANOR AVENUE,URMSTON,MANCHESTER,TRAFFORD,GREATER MANCHESTER
{12A8BAB6-279F-2125-E063-4804A8C08CC1},339997,2023-10-24 00:00,M41 6FH,S,N,F,49,,TINTERN AVENUE,URMSTON,MANCHESTER,TRAFFORD,GREATER MANCHESTER
{12A8BAB6-2B0D-2125-E063-4804A8C08CC1},280000,2023-11-01 00:00,M41 9ST,T,N,L,15,,ST CLEMENTS FOLD,URMSTON,MANCHESTER,TRAFFORD,GREATER MANCHESTER
{12A8BAB6-27C4-2125-E063-4804A8C08CC1},400000,2023-10-24 00:00,M41 6LH,D,N,F,36,,WYNDCLIFF DRIVE,URMSTON,MANCHESTER,TRAFFORD,GREATER MANCHESTER
{12A8BAB6-27CA-2125-E063-4804A8C08CC1},570000,2023-06-15 00:00,M41 5AQ,S,N,L,78,,GROSVENOR ROAD,URMSTON,MANCHESTER,TRAFFORD,GREATER MANCHESTER
{12A8BAB6-27CB-2125-E063-4804A8C08CC1},283000,2023-11-29 00:00,M41 6HE,S,N,L,14,,MANSFIELD ROAD,URMSTON,MANCHESTER,TRAFFORD,GREATER MANCHESTER
{12A8BAB6-27E2-2125-E063-4804A8C08CC1},337000,2023-12-15 00:00,M41 9PU,S,N,F,41,,HUMPHREY CRESCENT,URMSTON,MANCHESTER,TRAFFORD,GREATER MANCHESTER
{045A1898-C4DB-9A24-E063-4804A8C048EA},330000,2023-04-12 00:00,M41 8DF,T,N,L,56,,CROSS KNOWLE VIEW,URMSTON,MANCHESTER,TRAFFORD,GREATER MANCHESTER
{12A8BAB6-27E6-2125-E063-4804A8C08CC1},540000,2023-11-27 00:00,M41 7DN,S,N,F,70,,DAVYHULME ROAD,URMSTON,MANCHESTER,TRAFFORD,GREATER MANCHESTER
{12A8BAB6-2847-2125-E063-4804A8C08CC1},380000,2023-11-03 00:00,M41 9DR,D,N,F,25,,BROADOAKS ROAD,URMSTON,MANCHESTER,TRAFFORD,GREATER MANCHESTER
{12A8BAB6-288C-2125-E063-4804A8C08CC1},285000,2023-12-01 00:00,M41 9ES,S,N,F,1,,KINGSTON DRIVE,URMSTON,MANCHESTER,TRAFFORD,GREATER MANCHESTER
{0B853950-0E0B-69A5-E063-4704A8C07DAC},270000,2023-11-06 00:00,M41 5SJ,S,N,L,155,,MOORSIDE ROAD,URMSTON,MANCHESTER,TRAFFORD,GREATER MANCHESTER
{0B853950-0E1A-69A5-E063-4704A8C07DAC},306000,2023-07-21 00:00,M41 9NW,T,N,F,5,,NEWCROFT CRESCENT,URMSTON,MANCHESTER,TRAFFORD,GREATER MANCHESTER
{0B853950-0E31-69A5-E063-4704A8C07DAC},305000,2023-06-16 00:00,M41 6WF,S,N,F,175,,IRLAM ROAD,URMSTON,MANCHESTER,TRAFFORD,GREATER MANCHESTER
{0B853950-0E34-69A5-E063-4704A8C07DAC},235000,2023-09-05 00:00,M41 6WN,T,N,F,92,,VALLEY ROAD SOUTH,URMSTON,MANCHESTER,TRAFFORD,GREATER MANCHESTER
{045A1898-C596-9A24-E063-4804A8C048EA},215000,2023-04-20 00:00,M41 0AA,F,N,L,"OAKFIELD COURT, 44",APARTMENT 6,CROFTS BANK ROAD,URMSTON,MANCHESTER,TRAFFORD,GREATER MANCHESTER
{045A1898-C597-9A24-E063-4804A8C048EA},235000,2023-04-18 00:00,M41 0AA,F,N,L,"OAKFIELD COURT, 44",APARTMENT 25,CROFTS BANK ROAD,URMSTON,MANCHESTER,TRAFFORD,GREATER MANCHESTER
{0B853950-236F-69A5-E063-4704A8C07DAC},350000,2023-09-26 00:00,M41 0GW,S,N,L,13,,ABINGDON ROAD,URMSTON,MANCHESTER,TRAFFORD,GREATER MANCHESTER
{0B853950-2387-69A5-E063-4704A8C07DAC},420000,2023-05-05 00:00,M41 0QQ,D,N,F,11,,NEWSTEAD ROAD,URMSTON,MANCHESTER,TRAFFORD,GREATER MANCHESTER
{12A8BAB6-F2E6-2125-E063-4804A8C08CC1},37250000,2023-06-30 00:00,M41 7FP,O,N,F,UNIT 10,,NEARY WAY,URMSTON,MANCHESTER,TRAFFORD,GREATER MANCHESTER
{FD226035-E9C5-4CB7-E053-4804A8C00430},186500,2023-04-05 00:00,M41 7HP,F,N,L,64,,BARTON ROAD,URMSTON,MANCHESTER,TRAFFORD,GREATER MANCHESTER
{045A1898-C5F0-9A24-E063-4804A8C048EA},271500,2023-07-31 00:00,M41 5TS,F,N,L,185,APARTMENT 11,MOORSIDE ROAD,URMSTON,MANCHESTER,TRAFFORD,GREATER MANCHESTER
{FD226035-EA12-4CB7-E053-4804A8C00430},217500,2023-05-05 00:00,M41 8TB,T,N,F,2,,BRIGHTON GROVE,URMSTON,MANCHESTER,TRAFFORD,GREATER MANCHESTER
{FD226035-EA45-4CB7-E053-4804A8C00430},515000,2023-04-12 00:00,M41 5BU,S,N,L,36,,SPENNITHORNE ROAD,URMSTON,MANCHESTER,TRAFFORD,GREATER MANCHESTER
{FD226035-EA52-4CB7-E053-4804A8C00430},257000,2023-05-03 00:00,M41 9LT,T,N,F,170,,STRETFORD ROAD,URMSTON,MANCHESTER,TRAFFORD,GREATER MANCHESTER
{0E082196-FC26-5C09-E063-4704A8C0A10E},230000,2023-09-29 00:00,M41 0YA,T,N,F,7,,CAVENDISH ROAD,URMSTON,MANCHESTER,TRAFFORD,GREATER MANCHESTER
{0E082196-FC63-5C09-E063-4704A8C0A10E},282000,2023-11-17 00:00,M41 0XT,T,N,F,80,,RAILWAY ROAD,URMSTON,MANCHESTER,TRAFFORD,GREATER MANCHESTER
{0E082197-0884-5C09-E063-4704A8C0A10E},440000,2023-12-08 00:00,M41 7GA,D,N,L,11,,PRESTWOOD CLOSE,URMSTON,MANCHESTER,TRAFFORD,GREATER MANCHESTER
{0E082197-088E-5C09-E063-4704A8C0A10E},473700,2023-07-07 00:00,M41 5AH,T,N,F,7,,WYCLIFFE ROAD,URMSTON,MANCHESTER,TRAFFORD,GREATER MANCHESTER
{0B853950-0CC5-69A5-E063-4704A8C07DAC},299999,2023-11-03 00:00,M41 0YA,S,N,F,39,,CAVENDISH ROAD,URMSTON,MANCHESTER,TRAFFORD,GREATER MANCHESTER
{0B853950-0CC8-69A5-E063-4704A8C07DAC},375000,2023-08-24 00:00,M41 5AG,T,N,F,23,,GROSVENOR ROAD,URMSTON,MANCHESTER,TRAFFORD,GREATER MANCHESTER
{0B853950-0CC9-69A5-E063-4704A8C07DAC},300000,2023-11-10 00:00,M41 8QF,S,N,L,3,,YEW TREE DRIVE,URMSTON,MANCHESTER,TRAFFORD,GREATER MANCHESTER
{0B853950-2620-69A5-E063-4704A8C07DAC},269950,2023-09-27 00:00,M41 9PJ,T,N,F,54,,FIRWOOD AVENUE,URMSTON,MANCHESTER,TRAFFORD,GREATER MANCHESTER
{045A1898-C878-9A24-E063-4804A8C048EA},350000,2023-07-31 00:00,M41 8NT,S,N,L,7,,REDBOURNE DRIVE,URMSTON,MANCHESTER,TRAFFORD,GREATER MANCHESTER
{045A1898-C88C-9A24-E063-4804A8C048EA},302000,2023-07-21 00:00,M41 8GH,S,N,L,80,,EDDISBURY AVENUE,URMSTON,MANCHESTER,TRAFFORD,GREATER MANCHESTER
{0B853950-222B-69A5-E063-4704A8C07DAC},482000,2023-09-21 00:00,M41 9AN,T,N,F,25,,ASHFIELD ROAD,URMSTON,MANCHESTER,TRAFFORD,GREATER MANCHESTER
{12A8BAB6-FCDC-2125-E063-4804A8C08CC1},943280,2023-02-10 00:00,M41 5RQ,O,N,F,DAVYHULME WESLEY METHODIST CHURCH,,BROOK ROAD,URMSTON,MANCHESTER,TRAFFORD,GREATER MANCHESTER
{0B853950-2673-69A5-E063-4704A8C07DAC},165000,2023-10-16 00:00,M41 9FY,F,N,L,283,APARTMENT 4,STRETFORD ROAD,URMSTON,MANCHESTER,TRAFFORD,GREATER MANCHESTER
{0B853950-0D33-69A5-E063-4704A8C07DAC},372000,2023-09-01 00:00,M41 6PN,S,N,F,4,,DEVON ROAD,URMSTON,MANCHESTER,TRAFFORD,GREATER MANCHESTER
{0B853950-0D3C-69A5-E063-4704A8C07DAC},255000,2023-07-19 00:00,M41 7HF,S,N,F,21,,HOY DRIVE,URMSTON,MANCHESTER,TRAFFORD,GREATER MANCHESTER
{0B853950-229C-69A5-E063-4704A8C07DAC},246000,2023-07-03 00:00,M41 9AL,T,N,F,29,,HAMPTON ROAD,URMSTON,MANCHESTER,TRAFFORD,GREATER MANCHESTER
{0B853950-0D5A-69A5-E063-4704A8C07DAC},261000,2023-10-12 00:00,M41 7HF,S,N,F,18,,HOY DRIVE,URMSTON,MANCHESTER,TRAFFORD,GREATER MANCHESTER
{0B853950-0D5E-69A5-E063-4704A8C07DAC},270000,2023-07-13 00:00,M41 9EP,S,N,L,12,,REDESMERE PARK,URMSTON,MANCHESTER,TRAFFORD,GREATER MANCHESTER
{0B853950-0D8B-69A5-E063-4704A8C07DAC},203000,2023-09-20 00:00,M41 0XU,T,N,F,1,,OAK GROVE,URMSTON,MANCHESTER,TRAFFORD,GREATER MANCHESTER
{0B853950-0DA7-69A5-E063-4704A8C07DAC},238000,2023-09-29 00:00,M41 9PL,T,N,F,7,,FIRWOOD AVENUE,URMSTON,MANCHESTER,TRAFFORD,GREATER MANCHESTER
{0B85394F-EAB0-69A5-E063-4704A8C07DAC},510000,2023-10-27 00:00,M41 0RN,S,N,L,3,,WESTMINSTER ROAD,URMSTON,MANCHESTER,TRAFFORD,GREATER MANCHESTER
{0B85394F-E651-69A5-E063-4704A8C07DAC},407000,2023-08-21 00:00,M41 9BT,S,N,F,6,,WALMSLEY GROVE,URMSTON,MANCHESTER,TRAFFORD,GREATER MANCHESTER
{0B85394F-E654-69A5-E063-4704A8C07DAC},220000,2023-09-29 00:00,M41 8RQ,T,N,F,240,,VALLEY ROAD,URMSTON,MANCHESTER,TRAFFORD,GREATER MANCHESTER
{0B85394F-E8A7-69A5-E063-4704A8C07DAC},385000,2023-09-29 00:00,M41 9DW,S,N,F,14,,WENTWORTH AVENUE,URMSTON,MANCHESTER,TRAFFORD,GREATER MANCHESTER
{0B85394F-EAE9-69A5-E063-4704A8C07DAC},350000,2023-09-04 00:00,M41 6WR,S,N,L,83,,DUNSTER DRIVE,URMSTON,MANCHESTER,TRAFFORD,GREATER MANCHESTER
{0B85394F-E686-69A5-E063-4704A8C07DAC},305000,2023-06-15 00:00,M41 5GT,S,N,L,9,,TREVOR ROAD,URMSTON,MANCHESTER,TRAFFORD,GREATER MANCHESTER
{0B85394F-E8DB-69A5-E063-4704A8C07DAC},390000,2023-10-27 00:00,M41 9LE,D,N,F,8,,CHURCHGATE,URMSTON,MANCHESTER,TRAFFORD,GREATER MANCHESTER
{0E082197-7115-5C09-E063-4704A8C0A10E},195000,2023-10-13 00:00,M41 6JA,T,N,F,8,,BENTS AVENUE,URMSTON,MANCHESTER,TRAFFORD,GREATER MANCHESTER
{0B85394F-E94B-69A5-E063-4704A8C07DAC},405000,2023-09-27 00:00,M41 0XT,T,N,F,71,,RAILWAY ROAD,URMSTON,MANCHESTER,TRAFFORD,GREATER MANCHESTER
{0B85394F-E72E-69A5-E063-4704A8C07DAC},280000,2023-09-15 00:00,M41 0ZE,S,N,F,23,,GRANVILLE ROAD,URMSTON,MANCHESTER,TRAFFORD,GREATER MANCHESTER
{0B85394F-E737-69A5-E063-4704A8C07DAC},229200,2023-06-12 00:00,M41 6NJ,T,N,F,76,,LYTHAM ROAD,URMSTON,MANCHESTER,TRAFFORD,GREATER MANCHESTER
{0B85394F-E982-69A5-E063-4704A8C07DAC},157000,2023-11-10 00:00,M41 5FL,S,N,L,12,,CHARLESTON SQUARE,URMSTON,MANCHESTER,TRAFFORD,GREATER MANCHESTER
{0B85394F-E986-69A5-E063-4704A8C07DAC},265000,2023-08-31 00:00,M41 8QZ,T,N,F,108,,WOODSEND ROAD,URMSTON,MANCHESTER,TRAFFORD,GREATER MANCHESTER
{0B85394F-E999-69A5-E063-4704A8C07DAC},330000,2023-09-22 00:00,M41 5PT,S,N,F,12,,CRAIG AVENUE,URMSTON,MANCHESTER,TRAFFORD,GREATER MANCHESTER
{0B85394F-E76D-69A5-E063-4704A8C07DAC},350000,2023-11-10 00:00,M41 8GA,D,N,F,273,,DAVYHULME ROAD,URMSTON,MANCHESTER,TRAFFORD,GREATER MANCHESTER
{0E082197-7424-5C09-E063-4704A8C0A10E},150000,2023-09-08 00:00,M41 9AD,O,N,L,12,,ATKINSON ROAD,URMSTON,MANCHESTER,TRAFFORD,GREATER MANCHESTER
{0B85394F-E781-69A5-E063-4704A8C07DAC},395000,2023-11-03 00:00,M41 0TA,S,N,L,144,,LOSTOCK ROAD,URMSTON,MANCHESTER,TRAFFORD,GREATER MANCHESTER
{0B85394F-E9C9-69A5-E063-4704A8C07DAC},375000,2023-07-20 00:00,M41 6QX,D,N,F,53,,AMBLESIDE ROAD,URMSTON,MANCHESTER,TRAFFORD,GREATER MANCHESTER
{0B85394F-E9DA-69A5-E063-4704A8C07DAC},452000,2023-08-24 00:00,M41 9EW,S,N,L,51,,BARNFIELD,URMSTON,MANCHESTER,TRAFFORD,GREATER MANCHESTER
{09266DDB-E3B7-AF90-E063-4704A8C02087},550000,2023-08-04 00:00,M41 6LW,S,N,L,54,,WHITEGATE PARK,URMSTON,MANCHESTER,TRAFFORD,GREATER MANCHESTER
{0B85394F-E580-69A5-E063-4704A8C07DAC},285000,2023-09-22 00:00,M41 5QL,T,N,F,28,,DELAMERE ROAD,URMSTON,MANCHESTER,TRAFFORD,GREATER MANCHESTER
{0B85394F-E9E5-69A5-E063-4704A8C07DAC},265000,2023-11-08 00:00,M41 6NW,T,N,F,44,,LYTHAM ROAD,URMSTON,MANCHESTER,TRAFFORD,GREATER MANCHESTER
{0B85394F-E9F4-69A5-E063-4704A8C07DAC},155000,2023-11-15 00:00,M41 5PT,S,N,L,14,,CRAIG AVENUE,URMSTON,MANCHESTER,TRAFFORD,GREATER MANCHESTER
{09266DDB-E3DC-AF90-E063-4704A8C02087},415000,2023-09-07 00:00,M41 9HG,S,N,F,81,,CUMBERLAND ROAD,URMSTON,MANCHESTER,TRAFFORD,GREATER MANCHESTER
{09266DDB-E3E8-AF90-E063-4704A8C02087},138000,2023-05-15 00:00,M41 9JE,F,N,L,9,APARTMENT 10,MANOR AVENUE,URMSTON,MANCHESTER,TRAFFORD,GREATER MANCHESTER
{0B85394F-E7C6-69A5-E063-4704A8C07DAC},670000,2023-10-27 00:00,M41 0XW,T,N,F,27,,RAILWAY ROAD,URMSTON,MANCHESTER,TRAFFORD,GREATER MANCHESTER
{0B85394F-EA20-69A5-E063-4704A8C07DAC},556250,2023-09-15 00:00,M41 5BU,D,N,F,1,,SPENNITHORNE ROAD,URMSTON,MANCHESTER,TRAFFORD,GREATER MANCHESTER
{0B85394F-EA23-69A5-E063-4704A8C07DAC},266500,2023-08-25 00:00,M41 0UP,S,N,F,59,,WINCHESTER ROAD,URMSTON,MANCHESTER,TRAFFORD,GREATER MANCHESTER
{0B85394F-E5BD-69A5-E063-4704A8C07DAC},227500,2023-09-29 00:00,M41 9BE,T,N,F,23,,ALBERT AVENUE,URMSTON,MANCHESTER,TRAFFORD,GREATER MANCHESTER
{0B85394F-E7E6-69A5-E063-4704A8C07DAC},378000,2023-08-16 00:00,M41 7AS,S,N,F,69,,HAYESWATER ROAD,URMSTON,MANCHESTER,TRAFFORD,GREATER MANCHESTER
{09266DDB-E42A-AF90-E063-4704A8C02087},350000,2023-08-08 00:00,M41 0SA,T,N,L,1,,TIVERTON ROAD,URMSTON,MANCHESTER,TRAFFORD,GREATER MANCHESTER
{09266DDB-E44C-AF90-E063-4704A8C02087},180000,2023-08-02 00:00,M41 9JY,S,N,L,35,,STRETFORD ROAD,URMSTON,MANCHESTER,TRAFFORD,GREATER MANCHESTER
{0B85394F-E5EF-69A5-E063-4704A8C07DAC},570000,2023-07-14 00:00,M41 9DX,D,N,F,200,,CHURCH ROAD,URMSTON,MANCHESTER,TRAFFORD,GREATER MANCHESTER
{0B85394F-E81D-69A5-E063-4704A8C07DAC},282000,2023-09-29 00:00,M41 9BA,S,N,L,8,,GEORGE STREET,URMSTON,MANCHESTER,TRAFFORD,GREATER MANCHESTER
{09266DDB-E457-AF90-E063-4704A8C02087},432000,2023-08-16 00:00,M41 7BS,D,N,F,71,,DAVYHULME ROAD,URMSTON,MANCHESTER,TRAFFORD,GREATER MANCHESTER
{FFA361DA-E4DD-8A03-E053-4804A8C01F61},330000,2023-05-12 00:00,M41 9NH,S,N,F,8,,HUMPHREY PARK,URMSTON,MANCHESTER,TRAFFORD,GREATER MANCHESTER
{FFA361DA-E51A-8A03-E053-4804A8C01F61},322500,2023-05-11 00:00,M41 9LJ,S,N,L,18,,TORBAY ROAD,URMSTON,MANCHESTER,TRAFFORD,GREATER MANCHESTER
{FFA361DA-E568-8A03-E053-4804A8C01F61},336000,2023-06-12 00:00,M41 5SS,T,N,F,42,,PRINCESS ROAD,URMSTON,MANCHESTER,TRAFFORD,GREATER MANCHESTER
{FFA361DA-E585-8A03-E053-4804A8C01F61},275000,2023-06-09 00:00,M41 8RH,T,N,F,28,,WOODBRIDGE ROAD,URMSTON,MANCHESTER,TRAFFORD,GREATER MANCHESTER
{FFA361DA-E5AC-8A03-E053-4804A8C01F61},380000,2023-05-19 00:00,M41 5RP,S,N,F,28,,MALVERN AVENUE,URMSTON,MANCHESTER,TRAFFORD,GREATER MANCHESTER
{FFA361DA-E5C1-8A03-E053-4804A8C01F61},360500,2023-05-26 00:00,M41 9AR,S,N,F,14,,FALCON AVENUE,URMSTON,MANCHESTER,TRAFFORD,GREATER MANCHESTER
{09266DDB-E6BB-AF90-E063-4704A8C02087},412000,2023-09-04 00:00,M41 8SF,D,N,L,30,,CALDERBANK AVENUE,URMSTON,MANCHESTER,TRAFFORD,GREATER MANCHESTER
{FFA361DA-C683-8A03-E053-4804A8C01F61},350000,2023-04-28 00:00,M41 0QJ,S,N,F,2,,DORCHESTER AVENUE,URMSTON,MANCHESTER,TRAFFORD,GREATER MANCHESTER
{FFA361DA-C937-8A03-E053-4804A8C01F61},324000,2023-05-05 00:00,M41 8UE,S,N,F,3,,ALDERMERE CRESCENT,URMSTON,MANCHESTER,TRAFFORD,GREATER MANCHESTER
{FFA361DA-C6C5-8A03-E053-4804A8C01F61},525000,2023-05-26 00:00,M41 0RH,S,N,F,107,,CANTERBURY ROAD,URMSTON,MANCHESTER,TRAFFORD,GREATER MANCHESTER
{FFA361DA-C6E4-8A03-E053-4804A8C01F61},332000,2023-05-04 00:00,M41 6HF,S,N,F,23,,MANSFIELD ROAD,URMSTON,MANCHESTER,TRAFFORD,GREATER MANCHESTER
{FD226035-EA81-4CB7-E053-4804A8C00430},225000,2023-04-21 00:00,M41 7NH,T,N,F,3,,BEXLEY CLOSE,URMSTON,MANCHESTER,TRAFFORD,GREATER MANCHESTER
{FD226035-EA88-4CB7-E053-4804A8C00430},208000,2023-04-04 00:00,M41 0XU,T,N,F,24,,OAK GROVE,URMSTON,MANCHESTER,TRAFFORD,GREATER MANCHESTER
{FFA361DA-C76E-8A03-E053-4804A8C01F61},282500,2023-05-30 00:00,M41 6PT,S,N,F,16,,REIGATE ROAD,URMSTON,MANCHESTER,TRAFFORD,GREATER MANCHESTER
{01EB45EF-ED9F-40F3-E063-4704A8C05FDE},170000,2023-05-05 00:00,M41 9FZ,F,N,L,281,APARTMENT 1,STRETFORD ROAD,URMSTON,MANCHESTER,TRAFFORD,GREATER MANCHESTER
{FFA361DA-C803-8A03-E053-4804A8C01F61},319888,2023-04-17 00:00,M41 8DS,D,N,L,9,,ESK CLOSE,DAVYHULME,MANCHESTER,TRAFFORD,GREATER MANCHESTER
{FFA361DA-C44F-8A03-E053-4804A8C01F61},230000,2023-05-05 00:00,M41 8DW,S,N,L,11,,LINGMELL CLOSE,URMSTON,MANCHESTER,TRAFFORD,GREATER MANCHESTER
{FFA361DA-C474-8A03-E053-4804A8C01F61},600000,2023-05-05 00:00,M41 9FL,D,N,L,48,,RIVERSIDE DRIVE,URMSTON,MANCHESTER,TRAFFORD,GREATER MANCHESTER
{FFA361DA-C5BF-8A03-E053-4804A8C01F61},510000,2023-05-19 00:00,M41 0UG,D,N,L,11,,WINCHESTER ROAD,URMSTON,MANCHESTER,TRAFFORD,GREATER MANCHESTER
{FD226035-E92B-4CB7-E053-4804A8C00430},325800,2023-03-31 00:00,M41 7FS,S,N,F,41,,SHETLAND WAY,URMSTON,MANCHESTER,TRAFFORD,GREATER MANCHESTER
{FD226035-E932-4CB7-E053-4804A8C00430},250000,2023-04-28 00:00,M41 9BL,T,N,F,11,,POPLAR GROVE,URMSTON,MANCHESTER,TRAFFORD,GREATER MANCHESTER
{FD226035-E950-4CB7-E053-4804A8C00430},250000,2023-03-31 00:00,M41 7FT,S,N,F,13,,HARRIS AVENUE,URMSTON,MANCHESTER,TRAFFORD,GREATER MANCHESTER
{FD226035-E956-4CB7-E053-4804A8C00430},200000,2023-03-31 00:00,M41 8QF,S,N,L,3,,YEW TREE DRIVE,URMSTON,MANCHESTER,TRAFFORD,GREATER MANCHESTER
{FD226035-E95A-4CB7-E053-4804A8C00430},320000,2023-04-28 00:00,M41 9DD,T,N,F,11,,NORTH GROVE,URMSTON,MANCHESTER,TRAFFORD,GREATER MANCHESTER
{FD226035-E962-4CB7-E053-4804A8C00430},616500,2023-04-27 00:00,M41 5ST,S,N,F,11,,PRINCESS ROAD,URMSTON,MANCHESTER,TRAFFORD,GREATER MANCHESTER
{FFA361DA-C4E3-8A03-E053-4804A8C01F61},320000,2023-05-11 00:00,M41 7EA,S,N,F,13,,DENNINGTON DRIVE,URMSTON,MANCHESTER,TRAFFORD,GREATER MANCHESTER
{FFA361DA-C647-8A03-E053-4804A8C01F61},292000,2023-05-05 00:00,M41 6WW,S,N,F,32,,LYNTON AVENUE,URMSTON,MANCHESTER,TRAFFORD,GREATER MANCHESTER
{FD226035-FD09-4CB7-E053-4804A8C00430},325000,2023-04-12 00:00,M41 6WD,D,N,F,1,,KENILWORTH ROAD,URMSTON,MANCHESTER,TRAFFORD,GREATER MANCHESTER
{01EB45EF-EE51-40F3-E063-4704A8C05FDE},297000,2023-06-20 00:00,M41 8PF,S,N,L,8,,BOOTH DRIVE,URMSTON,MANCHESTER,TRAFFORD,GREATER MANCHESTER
{1061746D-F6A2-3C34-E063-4804A8C0F9E7},270000,2023-10-16 00:00,M41 8DS,S,N,L,1,,ESK CLOSE,DAVYHULME,MANCHESTER,TRAFFORD,GREATER MANCHESTER
{FD226035-FC49-4CB7-E053-4804A8C00430},325000,2023-05-12 00:00,M41 9PX,S,N,F,30,,SOUTHBOURNE AVENUE,URMSTON,MANCHESTER,TRAFFORD,GREATER MANCHESTER
{FD226035-FCCF-4CB7-E053-4804A8C00430},423750,2023-04-21 00:00,M41 6FF,S,N,F,40,,SNOWDEN AVENUE,URMSTON,MANCHESTER,TRAFFORD,GREATER MANCHESTER
{1061746E-167F-3C34-E063-4804A8C0F9E7},275000,2023-09-29 00:00,M41 7FT,S,N,F,7,,HARRIS AVENUE,URMSTON,MANCHESTER,TRAFFORD,GREATER MANCHESTER
{1061746D-F6EA-3C34-E063-4804A8C0F9E7},257000,2023-09-29 00:00,M41 8RH,T,N,F,46,,WOODBRIDGE ROAD,URMSTON,MANCHESTER,TRAFFORD,GREATER MANCHESTER
{FD226035-FD10-4CB7-E053-4804A8C00430},475000,2023-04-27 00:00,M41 9LL,S,N,F,23,,LODGE AVENUE,URMSTON,MANCHESTER,TRAFFORD,GREATER MANCHESTER
{1061746E-16A0-3C34-E063-4804A8C0F9E7},275000,2023-10-17 00:00,M41 0YA,T,N,F,10,,CAVENDISH ROAD,URMSTON,MANCHESTER,TRAFFORD,GREATER MANCHESTER
{1061746E-16A3-3C34-E063-4804A8C0F9E7},455000,2023-10-27 00:00,M41 9FE,S,N,F,3,,PARKFIELD AVENUE,URMSTON,MANCHESTER,TRAFFORD,GREATER MANCHESTER
{1061746D-F473-3C34-E063-4804A8C0F9E7},315000,2023-10-27 00:00,M41 9DD,T,N,F,1,,NORTH GROVE,URMSTON,MANCHESTER,TRAFFORD,GREATER MANCHESTER
{1061746D-F47F-3C34-E063-4804A8C0F9E7},145000,2023-10-12 00:00,M41 6PJ,F,N,L,ALIXANDRA COURT,FLAT 4,ROSLYN AVENUE,URMSTON,MANCHESTER,TRAFFORD,GREATER MANCHESTER
{1061746E-16B1-3C34-E063-4804A8C0F9E7},375000,2023-09-29 00:00,M41 6PR,D,N,F,104,,MERWELL ROAD,URMSTON,MANCHESTER,TRAFFORD,GREATER MANCHESTER
{1061746E-16C6-3C34-E063-4804A8C0F9E7},265000,2023-10-13 00:00,M41 8TR,S,N,F,24,,HASTINGS DRIVE,URMSTON,MANCHESTER,TRAFFORD,GREATER MANCHESTER
{1061746D-F4DF-3C34-E063-4804A8C0F9E7},390000,2023-12-15 00:00,M41 0SL,D,N,F,1,,SEABROOK CRESCENT,URMSTON,MANCHESTER,TRAFFORD,GREATER MANCHESTER
{1061746E-1722-3C34-E063-4804A8C0F9E7},580000,2023-12-18 00:00,M41 6JY,D,N,L,54,,ROTHIEMAY ROAD,URMSTON,MANCHESTER,TRAFFORD,GREATER MANCHESTER
{1061746E-173D-3C34-E063-4804A8C0F9E7},360000,2023-10-30 00:00,M41 7DW,S,N,L,12,,PATTERDALE AVENUE,URMSTON,MANCHESTER,TRAFFORD,GREATER MANCHESTER
{01EB45EF-DB01-40F3-E063-4704A8C05FDE},340000,2023-06-05 00:00,M41 6PQ,T,N,L,8,,VALE AVENUE,URMSTON,MANCHESTER,TRAFFORD,GREATER MANCHESTER
{01EB45EF-DB22-40F3-E063-4704A8C05FDE},280000,2023-01-27 00:00,M41 0RF,S,N,L,7,,EXETER ROAD,URMSTON,MANCHESTER,TRAFFORD,GREATER MANCHESTER
{01EB45EF-DBC2-40F3-E063-4704A8C05FDE},282000,2023-06-23 00:00,M41 0XX,T,N,F,12,,RICHMOND AVENUE,URMSTON,MANCHESTER,TRAFFORD,GREATER MANCHESTER
{01EB45EF-DC20-40F3-E063-4704A8C05FDE},320000,2023-02-06 00:00,M41 9NR,S,N,F,1,,HARCOURT AVENUE,URMSTON,MANCHESTER,TRAFFORD,GREATER MANCHESTER
{237B17FD-F28C-22AC-E063-4804A8C0EA3A},265000,2023-12-01 00:00,M41 8UP,S,N,F,17,,FALMOUTH AVENUE,URMSTON,MANCHESTER,TRAFFORD,GREATER MANCHESTER
{1A0C5C63-484A-7CBE-E063-4804A8C06C96},305000,2023-12-08 00:00,M41 8PE,S,N,L,44,,BENT LANES,URMSTON,MANCHESTER,TRAFFORD,GREATER MANCHESTER
{2F7F2B42-F7D1-E08F-E063-4804A8C05A49},447000,2023-07-17 00:00,M41 8DF,S,N,F,38,,CROSS KNOWLE VIEW,URMSTON,MANCHESTER,TRAFFORD,GREATER MANCHESTER
{2F7F2B42-F844-E08F-E063-4804A8C05A49},222500,2023-12-19 00:00,M41 7ND,T,N,F,44,,WYCOMBE CLOSE,URMSTON,MANCHESTER,TRAFFORD,GREATER MANCHESTER
{1A0C5C63-61F9-7CBE-E063-4804A8C06C96},415000,2023-09-04 00:00,M41 8GH,S,N,L,50,,EDDISBURY AVENUE,URMSTON,MANCHESTER,TRAFFORD,GREATER MANCHESTER
{FD226035-C893-4CB7-E053-4804A8C00430},275000,2023-03-31 00:00,M41 9EE,T,N,F,28,,CROSS STREET,URMSTON,MANCHESTER,TRAFFORD,GREATER MANCHESTER
{FD226035-C8C3-4CB7-E053-4804A8C00430},290000,2023-04-14 00:00,M41 9FR,S,N,F,14,,BUDE AVENUE,URMSTON,MANCHESTER,TRAFFORD,GREATER MANCHESTER
{FD226035-CB6E-4CB7-E053-4804A8C00430},506250,2023-04-05 00:00,M41 5TP,D,N,F,11,,VICARAGE ROAD,URMSTON,MANCHESTER,TRAFFORD,GREATER MANCHESTER
{FD226035-CB94-4CB7-E053-4804A8C00430},750000,2023-04-05 00:00,M41 9GP,D,N,L,2,,THE NOOK,URMSTON,MANCHESTER,TRAFFORD,GREATER MANCHESTER
{FD226036-8FB9-4CB7-E053-4804A8C00430},195000,2023-03-30 00:00,M41 8TQ,O,N,F,2,,BRIGHTON AVENUE,URMSTON,MANCHESTER,TRAFFORD,GREATER MANCHESTER
{FD226035-C98C-4CB7-E053-4804A8C00430},330000,2023-04-12 00:00,M41 9PY,S,N,F,1,,MOUNT DRIVE,URMSTON,MANCHESTER,TRAFFORD,GREATER MANCHESTER
{FD226035-C997-4CB7-E053-4804A8C00430},178000,2023-03-10 00:00,M41 0UW,F,N,L,163,,WINCHESTER ROAD,URMSTON,MANCHESTER,TRAFFORD,GREATER MANCHESTER
{2ACACE8C-F098-295E-E063-4804A8C0B0EB},525000,2023-11-20 00:00,M41 5AE,T,N,F,14,,NEWTON ROAD,URMSTON,MANCHESTER,TRAFFORD,GREATER MANCHESTER
{2ACACE8C-F0B1-295E-E063-4804A8C0B0EB},275000,2023-02-10 00:00,M41 9FQ,S,N,F,73,,KINGSTON DRIVE,URMSTON,MANCHESTER,TRAFFORD,GREATER MANCHESTER
{2ACACE8D-0254-295E-E063-4804A8C0B0EB},178000,2023-10-19 00:00,M41 9NU,F,N,L,300,APARTMENT 12,STRETFORD ROAD,URMSTON,MANCHESTER,TRAFFORD,GREATER MANCHESTER
{FD226035-CA0E-4CB7-E053-4804A8C00430},247000,2023-04-28 00:00,M41 0XZ,S,N,F,44,,GLADSTONE ROAD,URMSTON,MANCHESTER,TRAFFORD,GREATER MANCHESTER
{FD226035-CA50-4CB7-E053-4804A8C00430},189950,2023-04-24 00:00,M41 9SJ,F,N,L,12,,WILLIAM CLOSE,URMSTON,MANCHESTER,TRAFFORD,GREATER MANCHESTER
{FD226035-C83D-4CB7-E053-4804A8C00430},240000,2023-04-28 00:00,M41 8RJ,T,N,F,39,,LOWTHER GARDENS,URMSTON,MANCHESTER,TRAFFORD,GREATER MANCHESTER
{FD226035-CB03-4CB7-E053-4804A8C00430},342000,2023-04-28 00:00,M41 5DH,S,N,F,26,,CHASSEN ROAD,URMSTON,MANCHESTER,TRAFFORD,GREATER MANCHESTER
{12A8BAB6-F8B1-2125-E063-4804A8C08CC1},267000,2023-12-20 00:00,M41 7AU,T,N,F,30,,AVONDALE CRESCENT,URMSTON,MANCHESTER,TRAFFORD,GREATER MANCHESTER
{12A8BAB6-FD15-2125-E063-4804A8C08CC1},340000,2023-10-20 00:00,M41 5QH,O,N,F,32A,,TREVOR ROAD,URMSTON,MANCHESTER,TRAFFORD,GREATER MANCHESTER
{2ACACE8D-0409-295E-E063-4804A8C0B0EB},300000,2023-07-26 00:00,M41 7AG,S,N,F,12,,THURLESTONE DRIVE,URMSTON,MANCHESTER,TRAFFORD,GREATER MANCHESTER
{12A8BAB6-F1D1-2125-E063-4804A8C08CC1},171750,2023-11-10 00:00,M41 8DU,F,N,L,5,,SKELWITH CLOSE,URMSTON,MANCHESTER,TRAFFORD,GREATER MANCHESTER
{12A8BAB6-FE8A-2125-E063-4804A8C08CC1},89000,2023-07-04 00:00,M41 9GH,F,N,L,1 - 3,FLAT 5,MANOR AVENUE,URMSTON,MANCHESTER,TRAFFORD,GREATER MANCHESTER
{237B17FE-16FB-22AC-E063-4804A8C0EA3A},254000,2023-12-08 00:00,M41 7FS,S,N,F,51,,SHETLAND WAY,URMSTON,MANCHESTER,TRAFFORD,GREATER MANCHESTER
{237B17FE-1723-22AC-E063-4804A8C0EA3A},325000,2023-12-18 00:00,M41 6LR,D,N,F,5,,MILLFORD AVENUE,URMSTON,MANCHESTER,TRAFFORD,GREATER MANCHESTER
{237B17FE-172D-22AC-E063-4804A8C0EA3A},281000,2023-12-08 00:00,M41 0SG,S,N,F,11,,CHISLEHURST AVENUE,URMSTON,MANCHESTER,TRAFFORD,GREATER MANCHESTER
{237B17FE-1815-22AC-E063-4804A8C0EA3A},490000,2023-11-14 00:00,M41 7BP,D,N,L,8,,BROADLEA,URMSTON,MANCHESTER,TRAFFORD,GREATER MANCHESTER
{237B17FD-EEDB-22AC-E063-4804A8C0EA3A},255000,2023-12-08 00:00,M41 6WN,T,N,F,100,,VALLEY ROAD SOUTH,URMSTON,MANCHESTER,TRAFFORD,GREATER MANCHESTER
{237B17FD-EF7E-22AC-E063-4804A8C0EA3A},355000,2023-04-05 00:00,M41 7AS,D,N,F,29,,HAYESWATER ROAD,URMSTON,MANCHESTER,TRAFFORD,GREATER MANCHESTER
{237B17FD-F06D-22AC-E063-4804A8C0EA3A},395000,2023-12-08 00:00,M41 7WX,S,N,L,96,,WOODHOUSE ROAD,URMSTON,MANCHESTER,TRAFFORD,GREATER MANCHESTER
{2859C1AC-F90B-52B4-E063-4804A8C05948},5000,2023-12-20 00:00,M41 0YD,O,N,F,112,,RAILWAY ROAD,URMSTON,MANCHESTER,TRAFFORD,GREATER MANCHESTER
{FD226036-89CF-4CB7-E053-4804A8C00430},255000,2023-04-06 00:00,M41 7FF,T,N,F,364,,KINGSWAY PARK,URMSTON,MANCHESTER,TRAFFORD,GREATER MANCHESTER
{FD226036-8F5E-4CB7-E053-4804A8C00430},324000,2023-04-03 00:00,M41 0SS,O,N,F,8,,DAVYHULME CIRCLE,URMSTON,MANCHESTER,TRAFFORD,GREATER MANCHESTER
{2D4D7609-1520-BDF9-E063-4804A8C0672F},218000,2023-09-15 00:00,M41 7ER,T,N,F,21,,STROMA GARDENS,URMSTON,MANCHESTER,TRAFFORD,GREATER MANCHESTER
{2D4D7609-2CD6-BDF9-E063-4804A8C0672F},280000,2023-09-08 00:00,M41 8PE,S,N,L,52,,BENT LANES,URMSTON,MANCHESTER,TRAFFORD,GREATER MANCHESTER
{1C3E72FE-1E58-F410-E063-4804A8C0DFA6},402500,2023-06-28 00:00,M41 0XA,S,N,F,4,,THORLEY DRIVE,URMSTON,MANCHESTER,TRAFFORD,GREATER MANCHESTER
{2D4D7609-2D14-BDF9-E063-4804A8C0672F},340000,2023-07-21 00:00,M41 0QP,S,N,F,49,,KIRKSTALL ROAD,URMSTON,MANCHESTER,TRAFFORD,GREATER MANCHESTER
{1C3E72FE-1F8B-F410-E063-4804A8C0DFA6},366000,2023-12-18 00:00,M41 5GT,S,N,F,19,,TREVOR ROAD,URMSTON,MANCHESTER,TRAFFORD,GREATER MANCHESTER
{2D4D7608-F184-BDF9-E063-4804A8C0672F},260000,2023-11-30 00:00,M41 5DW,S,N,F,21,,ALDERLEY ROAD,URMSTON,MANCHESTER,TRAFFORD,GREATER MANCHESTER
{1A0C5C63-F8E6-7CBE-E063-4804A8C06C96},250800,2023-08-04 00:00,M41 6FF,S,N,F,34,,SNOWDEN AVENUE,URMSTON,MANCHESTER,TRAFFORD,GREATER MANCHESTER
{1061746E-D621-3C34-E063-4804A8C0F9E7},200000,2023-11-24 00:00,M41 0GW,S,N,L,61,,ABINGDON ROAD,URMSTON,MANCHESTER,TRAFFORD,GREATER MANCHESTER
{F5E8B081-7AB0-3A13-E053-6C04A8C060B7},205000,2023-01-06 00:00,M41 0AA,F,N,L,"OAKFIELD COURT, 44",APARTMENT 35,CROFTS BANK ROAD,URMSTON,MANCHESTER,TRAFFORD,GREATER MANCHESTER
{1061746E-CA52-3C34-E063-4804A8C0F9E7},450000,2023-05-31 00:00,M41 7DS,O,N,F,10,,DAVYHULME ROAD,URMSTON,MANCHESTER,TRAFFORD,GREATER MANCHESTER
{1061746E-CA57-3C34-E063-4804A8C0F9E7},160000,2023-12-15 00:00,M41 0XJ,F,N,L,CAVENDISH COURT,FLAT 8,CAVENDISH ROAD,URMSTON,MANCHESTER,TRAFFORD,GREATER MANCHESTER
{152AB733-DF81-E651-E063-4704A8C061D9},925000,2023-08-03 00:00,M41 9WB,D,N,F,225,,STRETFORD ROAD,URMSTON,MANCHESTER,TRAFFORD,GREATER MANCHESTER
{152AB733-C181-E651-E063-4704A8C061D9},770000,2023-12-15 00:00,M41 5AN,S,N,F,89,,FLIXTON ROAD,URMSTON,MANCHESTER,TRAFFORD,GREATER MANCHESTER
{1061746E-CA5C-3C34-E063-4804A8C0F9E7},460000,2023-05-26 00:00,M41 6EY,O,N,F,"KIMADA HOUSE, 442",,FLIXTON ROAD,URMSTON,MANCHESTER,TRAFFORD,GREATER MANCHESTER
{1775CCF7-F23D-38BA-E063-4704A8C05A7C},4995,2023-06-04 00:00,M41 9FJ,O,N,F,101A,,CHURCH ROAD,URMSTON,MANCHESTER,TRAFFORD,GREATER MANCHESTER
{152AB733-DFB4-E651-E063-4704A8C061D9},360000,2023-12-01 00:00,M41 5AJ,T,N,F,15,,HEREFORD GROVE,URMSTON,MANCHESTER,TRAFFORD,GREATER MANCHESTER
{152AB733-F3CB-E651-E063-4704A8C061D9},290000,2023-04-12 00:00,M41 5QQ,S,N,F,3,,MARLBOROUGH ROAD,URMSTON,MANCHESTER,TRAFFORD,GREATER MANCHESTER
{152AB733-C1BD-E651-E063-4704A8C061D9},340000,2023-12-15 00:00,M41 8GL,S,N,F,28,,DARESBURY AVENUE,URMSTON,MANCHESTER,TRAFFORD,GREATER MANCHESTER
{F87E72F9-0E7B-176C-E053-6B04A8C0D2BE},338000,2023-02-17 00:00,M41 0QN,S,N,L,1,,WALLINGFORD ROAD,URMSTON,MANCHESTER,TRAFFORD,GREATER MANCHESTER
{152AB733-DFCB-E651-E063-4704A8C061D9},270000,2023-12-01 00:00,M41 7FR,S,N,F,1,,BENBECULA WAY,URMSTON,MANCHESTER,TRAFFORD,GREATER MANCHESTER
{F87E72F9-0EC5-176C-E053-6B04A8C0D2BE},207000,2023-02-13 00:00,M41 7ER,T,N,F,3,,STROMA GARDENS,URMSTON,MANCHESTER,TRAFFORD,GREATER MANCHESTER
{F87E72F9-0EDD-176C-E053-6B04A8C0D2BE},306500,2023-03-09 00:00,M41 6PU,S,N,F,17,,UPLANDS ROAD,URMSTON,MANCHESTER,TRAFFORD,GREATER MANCHESTER
{1061746E-CACF-3C34-E063-4804A8C0F9E7},200000,2023-10-20 00:00,M41 9NH,S,N,F,48,,HUMPHREY PARK,URMSTON,MANCHESTER,TRAFFORD,GREATER MANCHESTER
{F87E72F9-0F66-176C-E053-6B04A8C0D2BE},330000,2023-02-23 00:00,M41 9DD,T,N,F,12,,NORTH GROVE,URMSTON,MANCHESTER,TRAFFORD,GREATER MANCHESTER
{152AB733-C254-E651-E063-4704A8C061D9},320000,2023-12-05 00:00,M41 9NT,S,N,F,244,,STRETFORD ROAD,URMSTON,MANCHESTER,TRAFFORD,GREATER MANCHESTER
{152AB733-C27F-E651-E063-4704A8C061D9},215000,2023-11-10 00:00,M41 0XU,T,N,F,42,,OAK GROVE,URMSTON,MANCHESTER,TRAFFORD,GREATER MANCHESTER
{152AB733-E08D-E651-E063-4704A8C061D9},325000,2023-12-01 00:00,M41 9AE,T,N,F,34,,GLOUCESTER ROAD,URMSTON,MANCHESTER,TRAFFORD,GREATER MANCHESTER
{F87E72F9-0DFF-176C-E053-6B04A8C0D2BE},207000,2023-03-02 00:00,M41 8UP,S,N,F,19,,FALMOUTH AVENUE,URMSTON,MANCHESTER,TRAFFORD,GREATER MANCHESTER
{045A1898-B3A5-9A24-E063-4804A8C048EA},180000,2023-08-01 00:00,M41 9LJ,S,N,L,32,,TORBAY ROAD,URMSTON,MANCHESTER,TRAFFORD,GREATER MANCHESTER
{152AB733-C2C2-E651-E063-4704A8C061D9},305000,2023-06-16 00:00,M41 9EG,S,N,F,76,,SOUTHGATE,URMSTON,MANCHESTER,TRAFFORD,GREATER MANCHESTER
{152AB733-C2C4-E651-E063-4704A8C061D9},320000,2023-11-24 00:00,M41 9FR,S,N,F,9,,BUDE AVENUE,URMSTON,MANCHESTER,TRAFFORD,GREATER MANCHESTER
{1775CCF7-E6BD-38BA-E063-4704A8C05A7C},200000,2023-12-19 00:00,M41 9JA,O,N,F,BARROW FIELD FARM,,EEASBROOK,URMSTON,MANCHESTER,TRAFFORD,GREATER MANCHESTER
{045A1898-B2FF-9A24-E063-4804A8C048EA},245000,2023-07-21 00:00,M41 9PL,T,N,F,35,,FIRWOOD AVENUE,URMSTON,MANCHESTER,TRAFFORD,GREATER MANCHESTER
{045A1898-B304-9A24-E063-4804A8C048EA},527500,2023-07-17 00:00,M41 7DP,S,N,F,13,,DALVEEN AVENUE,URMSTON,MANCHESTER,TRAFFORD,GREATER MANCHESTER
{045A1898-B308-9A24-E063-4804A8C048EA},265000,2023-08-18 00:00,M41 7EY,S,N,F,46,,IONA WAY,URMSTON,MANCHESTER,TRAFFORD,GREATER MANCHESTER
{045A1898-B33A-9A24-E063-4804A8C048EA},425000,2023-07-19 00:00,M41 5QP,S,N,L,59,,MARLBOROUGH ROAD,URMSTON,MANCHESTER,TRAFFORD,GREATER MANCHESTER
{045A1898-B384-9A24-E063-4804A8C048EA},400000,2023-07-10 00:00,M41 5SD,S,N,F,381,,MOORSIDE ROAD,URMSTON,MANCHESTER,TRAFFORD,GREATER MANCHESTER
{01EB45EF-B7B0-40F3-E063-4704A8C05FDE},204000,2023-06-23 00:00,M41 0XU,T,N,F,16,,OAK GROVE,URMSTON,MANCHESTER,TRAFFORD,GREATER MANCHESTER
{01EB45EF-B97C-40F3-E063-4704A8C05FDE},405000,2023-06-12 00:00,M41 5QN,S,N,F,34,,WHITELAKE AVENUE,URMSTON,MANCHESTER,TRAFFORD,GREATER MANCHESTER
{01EB45EF-BBA3-40F3-E063-4704A8C05FDE},600000,2023-01-20 00:00,M41 9DP,S,N,F,6,,LONGFIELD AVENUE,URMSTON,MANCHESTER,TRAFFORD,GREATER MANCHESTER
{01EB45EF-B7EC-40F3-E063-4704A8C05FDE},246000,2023-06-16 00:00,M41 6WE,S,N,F,200,,IRLAM ROAD,URMSTON,MANCHESTER,TRAFFORD,GREATER MANCHESTER
{01EB45EF-B9C8-40F3-E063-4704A8C05FDE},280000,2023-06-19 00:00,M41 8TT,S,N,F,34,,DERWENT ROAD,URMSTON,MANCHESTER,TRAFFORD,GREATER MANCHESTER
{01EB45EF-B9EA-40F3-E063-4704A8C05FDE},330000,2023-06-30 00:00,M41 0ZA,S,N,F,1,,TRAFFORD AVENUE,URMSTON,MANCHESTER,TRAFFORD,GREATER MANCHESTER
{01EB45EF-BBF2-40F3-E063-4704A8C05FDE},395000,2023-01-20 00:00,M41 0GW,S,N,F,49,,ABINGDON ROAD,URMSTON,MANCHESTER,TRAFFORD,GREATER MANCHESTER
{01EB45EF-B878-40F3-E063-4704A8C05FDE},243000,2023-06-19 00:00,M41 6NP,S,N,F,19,,SHAFTESBURY GARDENS,URMSTON,MANCHESTER,TRAFFORD,GREATER MANCHESTER
{01EB45EF-B6DD-40F3-E063-4704A8C05FDE},252000,2023-06-23 00:00,M41 6NJ,T,N,L,78,,LYTHAM ROAD,URMSTON,MANCHESTER,TRAFFORD,GREATER MANCHESTER
{01EB45EF-BA8B-40F3-E063-4704A8C05FDE},325000,2023-05-05 00:00,M41 6GT,T,N,F,1,,THE AVENUE,URMSTON,MANCHESTER,TRAFFORD,GREATER MANCHESTER
{01EB45EF-BA8E-40F3-E063-4704A8C05FDE},460000,2023-06-23 00:00,M41 9HS,S,N,F,22,,CUMBERLAND ROAD,URMSTON,MANCHESTER,TRAFFORD,GREATER MANCHESTER
{01EB45EF-B8CE-40F3-E063-4704A8C05FDE},280000,2023-06-15 00:00,M41 9AE,T,N,F,40,,GLOUCESTER ROAD,URMSTON,MANCHESTER,TRAFFORD,GREATER MANCHESTER
{01EB45EF-BAB2-40F3-E063-4704A8C05FDE},368325,2023-06-28 00:00,M41 8WU,S,N,F,104,,WOODHOUSE ROAD,URMSTON,MANCHESTER,TRAFFORD,GREATER MANCHESTER
{01EB45EF-B960-40F3-E063-4704A8C05FDE},276667,2023-06-30 00:00,M41 0TN,D,N,L,93,,LOSTOCK ROAD,URMSTON,MANCHESTER,TRAFFORD,GREATER MANCHESTER
{152AB733-C339-E651-E063-4704A8C061D9},435000,2023-12-11 00:00,M41 0QW,S,N,L,10,,WALLINGFORD ROAD,URMSTON,MANCHESTER,TRAFFORD,GREATER MANCHESTER
{152AB733-C3A2-E651-E063-4704A8C061D9},360000,2023-11-17 00:00,M41 8QX,S,N,F,11,,FRANKLYN AVENUE,URMSTON,MANCHESTER,TRAFFORD,GREATER MANCHESTER
{FFA361DB-79A7-8A03-E053-4804A8C01F61},250000,2023-05-26 00:00,M41 5SS,T,N,F,46,,PRINCESS ROAD,URMSTON,MANCHESTER,TRAFFORD,GREATER MANCHESTER
{152AB733-F0F2-E651-E063-4704A8C061D9},305000,2023-11-30 00:00,M41 7NP,S,N,F,46,,NURSERY ROAD,URMSTON,MANCHESTER,TRAFFORD,GREATER MANCHESTER
{152AB733-F100-E651-E063-4704A8C061D9},181000,2023-03-03 00:00,M41 5GS,F,N,L,BRENTWOOD HOUSE,FLAT 3,FLIXTON ROAD,URMSTON,MANCHESTER,TRAFFORD,GREATER MANCHESTER
{FFA361DB-7A6E-8A03-E053-4804A8C01F61},200000,2023-01-20 00:00,M41 9BD,T,N,F,169,,HIGHER ROAD,URMSTON,MANCHESTER,TRAFFORD,GREATER MANCHESTER
{152AB733-C4A8-E651-E063-4704A8C061D9},407500,2023-10-20 00:00,M41 0SU,D,N,L,37,,LOSTOCK ROAD,URMSTON,MANCHESTER,TRAFFORD,GREATER MANCHESTER
{25E9DA81-DB53-555E-E063-4704A8C066F2},440000,2023-07-31 00:00,M41 0SH,O,N,L,257,,CANTERBURY ROAD,URMSTON,MANCHESTER,TRAFFORD,GREATER MANCHESTER
{F87E72F9-DC65-176C-E053-6B04A8C0D2BE},230000,2023-03-03 00:00,M41 9AF,O,N,F,19,,GLOUCESTER ROAD,URMSTON,MANCHESTER,TRAFFORD,GREATER MANCHESTER
{F87E72F9-DC91-176C-E053-6B04A8C0D2BE},545101,2023-03-08 00:00,M41 0YP,O,N,F,97,,MOSS VALE ROAD,URMSTON,MANCHESTER,TRAFFORD,GREATER MANCHESTER
{F87E72F9-DCC6-176C-E053-6B04A8C0D2BE},890000,2023-02-09 00:00,M41 0UH,D,N,F,68,,CROFTS BANK ROAD,URMSTON,MANCHESTER,TRAFFORD,GREATER MANCHESTER
{FFA361DB-8563-8A03-E053-4804A8C01F61},275000,2023-05-12 00:00,M41 9BQ,O,N,L,URMSTON SHOPPING CENTRE PRECINCT,UNIT 3,HIGHER ROAD,URMSTON,MANCHESTER,TRAFFORD,GREATER MANCHESTER
{FAC30767-1539-5E20-E053-4704A8C004EE},287510,2023-03-27 00:00,M41 8DE,S,N,F,19,,CROSS KNOWLE VIEW,URMSTON,MANCHESTER,TRAFFORD,GREATER MANCHESTER
{FAC30767-159D-5E20-E053-4704A8C004EE},269000,2023-03-15 00:00,M41 6FD,S,N,F,4,,MINEHEAD AVENUE,URMSTON,MANCHESTER,TRAFFORD,GREATER MANCHESTER
{FAC30767-3360-5E20-E053-4704A8C004EE},318000,2023-03-28 00:00,M41 5DW,S,N,F,20,,ALDERLEY ROAD,URMSTON,MANCHESTER,TRAFFORD,GREATER MANCHESTER
{FAC30767-3376-5E20-E053-4704A8C004EE},295000,2023-02-10 00:00,M41 9QA,S,N,F,123,,MOUNT DRIVE,URMSTON,MANCHESTER,TRAFFORD,GREATER MANCHESTER
{FAC30767-3379-5E20-E053-4704A8C004EE},245000,2023-03-24 00:00,M41 5SP,S,N,L,8,,THE FOLD,URMSTON,MANCHESTER,TRAFFORD,GREATER MANCHESTER
{FAC30767-33A0-5E20-E053-4704A8C004EE},330000,2023-03-09 00:00,M41 6HX,T,N,F,48,,CARRINGTON ROAD,URMSTON,MANCHESTER,TRAFFORD,GREATER MANCHESTER
{FAC30767-33B8-5E20-E053-4704A8C004EE},286000,2023-03-06 00:00,M41 8DG,T,N,L,5,,BINGLEY DRIVE,URMSTON,MANCHESTER,TRAFFORD,GREATER MANCHESTER
{FAC30767-33CB-5E20-E053-4704A8C004EE},420000,2023-03-13 00:00,M41 8PU,D,N,L,160,,WOODSEND ROAD,URMSTON,MANCHESTER,TRAFFORD,GREATER MANCHESTER
{FAC30767-33DF-5E20-E053-4704A8C004EE},222500,2023-03-15 00:00,M41 9BA,T,N,L,37,,GEORGE STREET,URMSTON,MANCHESTER,TRAFFORD,GREATER MANCHESTER
{FAC30767-346E-5E20-E053-4704A8C004EE},335000,2023-03-03 00:00,M41 6HZ,T,N,F,25,,BROMLEY AVENUE,URMSTON,MANCHESTER,TRAFFORD,GREATER MANCHESTER
{FAC30767-34BD-5E20-E053-4704A8C004EE},250000,2023-03-23 00:00,M41 6WT,S,N,L,17,,DUNSTER DRIVE,URMSTON,MANCHESTER,TRAFFORD,GREATER MANCHESTER
{FFA361DA-F60E-8A03-E053-4804A8C01F61},485000,2023-04-27 00:00,M41 5AH,T,N,F,1,,WYCLIFFE ROAD,URMSTON,MANCHESTER,TRAFFORD,GREATER MANCHESTER
{2859C1AB-DB77-52B4-E063-4804A8C05948},300000,2023-06-23 00:00,M41 8NT,S,N,F,3,,REDBOURNE DRIVE,URMSTON,MANCHESTER,TRAFFORD,GREATER MANCHESTER
{FAC30767-1359-5E20-E053-4704A8C004EE},185000,2023-04-05 00:00,M41 0XJ,F,N,L,CAVENDISH COURT,FLAT 2,CAVENDISH ROAD,URMSTON,MANCHESTER,TRAFFORD,GREATER MANCHESTER
{FAC30767-1366-5E20-E053-4704A8C004EE},363000,2023-02-10 00:00,M41 8GF,S,N,L,63,,EDDISBURY AVENUE,URMSTON,MANCHESTER,TRAFFORD,GREATER MANCHESTER
{FAC30767-13FD-5E20-E053-4704A8C004EE},305000,2023-04-12 00:00,M41 5DE,T,N,L,18,,LIME AVENUE,URMSTON,MANCHESTER,TRAFFORD,GREATER MANCHESTER
{FAC30767-14F7-5E20-E053-4704A8C004EE},400000,2023-03-06 00:00,M41 8SA,S,N,L,35,,GLENEAGLES ROAD,URMSTON,MANCHESTER,TRAFFORD,GREATER MANCHESTER
{FAC30767-453C-5E20-E053-4704A8C004EE},245000,2023-03-31 00:00,M41 0AA,F,N,L,"OAKFIELD COURT, 44",APARTMENT 10,CROFTS BANK ROAD,URMSTON,MANCHESTER,TRAFFORD,GREATER MANCHESTER
{FAC30767-45E1-5E20-E053-4704A8C004EE},441000,2023-03-01 00:00,M41 5DA,S,N,F,18,,MONKSDALE AVENUE,URMSTON,MANCHESTER,TRAFFORD,GREATER MANCHESTER
{FAC30767-1744-5E20-E053-4704A8C004EE},279000,2023-03-20 00:00,M41 8QY,T,N,F,23,,WOODSEND ROAD,URMSTON,MANCHESTER,TRAFFORD,GREATER MANCHESTER
{FAC30767-1764-5E20-E053-4704A8C004EE},244000,2023-04-13 00:00,M41 7FB,S,N,F,22,,KINGSWAY PARK,URMSTON,MANCHESTER,TRAFFORD,GREATER MANCHESTER
{F5E8B082-3300-3A13-E053-6C04A8C060B7},220000,2023-01-12 00:00,M41 5ST,T,N,F,61,,PRINCESS ROAD,URMSTON,MANCHESTER,TRAFFORD,GREATER MANCHESTER
{09266DDB-BAA4-AF90-E063-4704A8C02087},425000,2023-09-04 00:00,M41 0QQ,D,N,L,23,,NEWSTEAD ROAD,URMSTON,MANCHESTER,TRAFFORD,GREATER MANCHESTER
{09266DDB-BCED-AF90-E063-4704A8C02087},425000,2023-08-16 00:00,M41 9PD,S,N,F,166,,BRADFIELD ROAD,URMSTON,MANCHESTER,TRAFFORD,GREATER MANCHESTER
{09266DDB-BCF4-AF90-E063-4704A8C02087},225000,2023-09-27 00:00,M41 0RF,T,N,F,17,,EXETER ROAD,URMSTON,MANCHESTER,TRAFFORD,GREATER MANCHESTER
{09266DDB-BD34-AF90-E063-4704A8C02087},340000,2023-10-11 00:00,M41 5GH,S,N,F,46,,TREVOR ROAD,URMSTON,MANCHESTER,TRAFFORD,GREATER MANCHESTER
{09266DDB-D50D-AF90-E063-4704A8C02087},300000,2023-07-07 00:00,M41 8PD,S,N,L,9,,SKIPTON DRIVE,URMSTON,MANCHESTER,TRAFFORD,GREATER MANCHESTER
{1775CCF7-254E-38BA-E063-4704A8C05A7C},242000,2023-12-01 00:00,M41 8RX,T,N,L,7,,BRADWELL WALK,URMSTON,MANCHESTER,TRAFFORD,GREATER MANCHESTER
{1775CCF7-254F-38BA-E063-4704A8C05A7C},335050,2023-12-01 00:00,M41 9NN,S,N,F,26,,NEWCROFT ROAD,URMSTON,MANCHESTER,TRAFFORD,GREATER MANCHESTER
{09266DDB-D525-AF90-E063-4704A8C02087},337500,2023-08-25 00:00,M41 5AZ,T,N,F,82,,ROSENEATH ROAD,URMSTON,MANCHESTER,TRAFFORD,GREATER MANCHESTER
{09266DDB-D53C-AF90-E063-4704A8C02087},669735,2023-08-18 00:00,M41 9HY,D,N,F,20,,CEDAR DRIVE,URMSTON,MANCHESTER,TRAFFORD,GREATER MANCHESTER
{09266DDB-BD7F-AF90-E063-4704A8C02087},245000,2023-06-20 00:00,M41 7NF,T,N,F,70,,WELWYN CLOSE,DAVYHULME,MANCHESTER,TRAFFORD,GREATER MANCHESTER
{09266DDB-D53E-AF90-E063-4704A8C02087},310000,2023-08-25 00:00,M41 9DA,T,N,F,15,,BEECH AVENUE,URMSTON,MANCHESTER,TRAFFORD,GREATER MANCHESTER
{F87E72F8-E550-176C-E053-6B04A8C0D2BE},355000,2023-03-10 00:00,M41 0RS,S,N,L,25,,ROCHESTER ROAD,URMSTON,MANCHESTER,TRAFFORD,GREATER MANCHESTER
{09266DDB-BB64-AF90-E063-4704A8C02087},232500,2023-05-05 00:00,M41 8RA,T,N,F,40,,TANHOUSE ROAD,URMSTON,MANCHESTER,TRAFFORD,GREATER MANCHESTER
{09266DDB-BB72-AF90-E063-4704A8C02087},370000,2023-06-19 00:00,M41 8NY,S,N,L,102,,BENT LANES,URMSTON,MANCHESTER,TRAFFORD,GREATER MANCHESTER
{09266DDB-D562-AF90-E063-4704A8C02087},370000,2023-01-06 00:00,M41 9LG,S,N,F,97,,STRETFORD ROAD,URMSTON,MANCHESTER,TRAFFORD,GREATER MANCHESTER
{09266DDB-D56F-AF90-E063-4704A8C02087},537500,2023-04-28 00:00,M41 6FE,S,N,F,64,,SNOWDEN AVENUE,URMSTON,MANCHESTER,TRAFFORD,GREATER MANCHESTER
{F87E72F8-E5F8-176C-E053-6B04A8C0D2BE},325000,2023-01-20 00:00,M41 6LL,S,N,F,35,,ROTHIEMAY ROAD,URMSTON,MANCHESTER,TRAFFORD,GREATER MANCHESTER
{F87E72F8-E600-176C-E053-6B04A8C0D2BE},235000,2023-03-13 00:00,M41 8RG,S,N,F,249,,VALLEY ROAD,URMSTON,MANCHESTER,TRAFFORD,GREATER MANCHESTER
{1775CCF7-2616-38BA-E063-4704A8C05A7C},320000,2023-11-09 00:00,M41 8DF,S,N,L,2,,CROSS KNOWLE VIEW,URMSTON,MANCHESTER,TRAFFORD,GREATER MANCHESTER
{09266DDB-BB86-AF90-E063-4704A8C02087},340000,2023-08-18 00:00,M41 9PR,S,N,F,9,,CLEVEDON AVENUE,URMSTON,MANCHESTER,TRAFFORD,GREATER MANCHESTER
{F87E72F8-E647-176C-E053-6B04A8C0D2BE},170000,2023-01-27 00:00,M41 9NB,F,N,L,25,,HARCOURT CLOSE,URMSTON,MANCHESTER,TRAFFORD,GREATER MANCHESTER
{F5E8B081-637F-3A13-E053-6C04A8C060B7},330000,2023-01-06 00:00,M41 0XT,T,N,F,72,,RAILWAY ROAD,URMSTON,MANCHESTER,TRAFFORD,GREATER MANCHESTER
{F5E8B081-63A4-3A13-E053-6C04A8C060B7},285000,2023-01-19 00:00,M41 5SU,T,N,F,25,,BALFOUR ROAD,URMSTON,MANCHESTER,TRAFFORD,GREATER MANCHESTER
{09266DDB-D58B-AF90-E063-4704A8C02087},520000,2023-05-05 00:00,M41 5TJ,S,N,F,45,,CORNHILL ROAD,URMSTON,MANCHESTER,TRAFFORD,GREATER MANCHESTER
{1775CCF7-2637-38BA-E063-4704A8C05A7C},331500,2023-12-05 00:00,M41 9DE,T,N,F,24,,DARTFORD ROAD,URMSTON,MANCHESTER,TRAFFORD,GREATER MANCHESTER
{1775CCF7-2646-38BA-E063-4704A8C05A7C},550000,2023-12-15 00:00,M41 5AU,T,N,F,16,,ROSENEATH ROAD,URMSTON,MANCHESTER,TRAFFORD,GREATER MANCHESTER
{09266DDB-BBB3-AF90-E063-4704A8C02087},300000,2023-09-08 00:00,M41 7FH,S,N,F,80,,KINGSWAY PARK,URMSTON,MANCHESTER,TRAFFORD,GREATER MANCHESTER
{09266DDB-BDCF-AF90-E063-4704A8C02087},587500,2023-08-21 00:00,M41 5AY,T,N,F,81,,ROSENEATH ROAD,URMSTON,MANCHESTER,TRAFFORD,GREATER MANCHESTER
{09266DDB-BDE0-AF90-E063-4704A8C02087},390000,2023-01-31 00:00,M41 8UD,S,N,F,94,,DERWENT ROAD,URMSTON,MANCHESTER,TRAFFORD,GREATER MANCHESTER
{09266DDB-D5BB-AF90-E063-4704A8C02087},800000,2023-04-12 00:00,M41 9FH,S,N,L,31,,CHURCH ROAD,URMSTON,MANCHESTER,TRAFFORD,GREATER MANCHESTER
{1775CCF7-2663-38BA-E063-4704A8C05A7C},405000,2023-12-04 00:00,M41 6PU,S,N,F,16,,UPLANDS ROAD,URMSTON,MANCHESTER,TRAFFORD,GREATER MANCHESTER
{09266DDB-BE09-AF90-E063-4704A8C02087},360000,2023-05-17 00:00,M41 7WX,S,N,L,90,,WOODHOUSE ROAD,URMSTON,MANCHESTER,TRAFFORD,GREATER MANCHESTER
{09266DDB-D5D5-AF90-E063-4704A8C02087},415000,2023-09-29 00:00,M41 9NU,T,N,F,301,,STRETFORD ROAD,URMSTON,MANCHESTER,TRAFFORD,GREATER MANCHESTER
{09266DDB-BC39-AF90-E063-4704A8C02087},325000,2023-08-29 00:00,M41 9PS,S,N,F,62,,HUMPHREY LANE,URMSTON,MANCHESTER,TRAFFORD,GREATER MANCHESTER
{09266DDB-BC40-AF90-E063-4704A8C02087},390000,2023-09-01 00:00,M41 8GD,S,N,L,15,,LOWOOD AVENUE,URMSTON,MANCHESTER,TRAFFORD,GREATER MANCHESTER
{09266DDB-BC47-AF90-E063-4704A8C02087},485000,2023-10-06 00:00,M41 0XB,D,N,F,1,,ELLASTON DRIVE,URMSTON,MANCHESTER,TRAFFORD,GREATER MANCHESTER
{09266DDB-BE61-AF90-E063-4704A8C02087},320000,2023-09-18 00:00,M41 7AG,S,N,F,3,,THURLESTONE DRIVE,URMSTON,MANCHESTER,TRAFFORD,GREATER MANCHESTER
{F87E72F8-E71E-176C-E053-6B04A8C0D2BE},222500,2023-02-24 00:00,M41 7WE,T,N,F,55,,WELWYN CLOSE,DAVYHULME,MANCHESTER,TRAFFORD,GREATER MANCHESTER
{F87E72F8-E74D-176C-E053-6B04A8C0D2BE},220000,2023-02-10 00:00,M41 0XZ,T,N,F,14,,GLADSTONE ROAD,URMSTON,MANCHESTER,TRAFFORD,GREATER MANCHESTER
{F87E72F8-E76F-176C-E053-6B04A8C0D2BE},310000,2023-02-17 00:00,M41 9QA,S,N,F,82,,MOUNT DRIVE,URMSTON,MANCHESTER,TRAFFORD,GREATER MANCHESTER
{F87E72F8-EACC-176C-E053-6B04A8C0D2BE},657500,2023-02-20 00:00,M41 5HA,D,N,F,19,,MINSTER DRIVE,URMSTON,MANCHESTER,TRAFFORD,GREATER MANCHESTER
{1775CCF7-27B6-38BA-E063-4704A8C05A7C},336500,2023-08-10 00:00,M41 6PY,S,N,F,30,,ROSLYN AVENUE,URMSTON,MANCHESTER,TRAFFORD,GREATER MANCHESTER
{F87E72F8-EB34-176C-E053-6B04A8C0D2BE},335000,2023-03-01 00:00,M41 5BY,S,N,F,30,,VICTORIA ROAD,URMSTON,MANCHESTER,TRAFFORD,GREATER MANCHESTER
{1775CCF7-27F6-38BA-E063-4704A8C05A7C},243500,2023-12-14 00:00,M41 9PJ,T,N,F,46,,FIRWOOD AVENUE,URMSTON,MANCHESTER,TRAFFORD,GREATER MANCHESTER
{09266DDB-BC8A-AF90-E063-4704A8C02087},195000,2023-07-21 00:00,M41 5SR,F,N,L,5,,THE SPINNEY,URMSTON,MANCHESTER,TRAFFORD,GREATER MANCHESTER
{F87E72F8-E8C8-176C-E053-6B04A8C0D2BE},318000,2023-01-31 00:00,M41 8NU,D,N,L,156,,WOODHOUSE ROAD,URMSTON,MANCHESTER,TRAFFORD,GREATER MANCHESTER
{F87E72F8-E8F2-176C-E053-6B04A8C0D2BE},325000,2023-03-03 00:00,M41 7NH,T,N,F,27,,BEXLEY CLOSE,URMSTON,MANCHESTER,TRAFFORD,GREATER MANCHESTER
{F87E72F8-E9BD-176C-E053-6B04A8C0D2BE},350000,2023-02-21 00:00,M41 9WA,S,N,F,27,,LORETTO ROAD,URMSTON,MANCHESTER,TRAFFORD,GREATER MANCHESTER
{F87E72F8-E9CF-176C-E053-6B04A8C0D2BE},140000,2023-01-09 00:00,M41 9ST,T,N,L,8,,ST CLEMENTS FOLD,URMSTON,MANCHESTER,TRAFFORD,GREATER MANCHESTER
{1775CCF7-2882-38BA-E063-4704A8C05A7C},415000,2023-12-11 00:00,M41 9EF,T,N,F,3,,DARTFORD ROAD,URMSTON,MANCHESTER,TRAFFORD,GREATER MANCHESTER
{09266DDB-BCBB-AF90-E063-4704A8C02087},380000,2023-08-02 00:00,M41 9JY,F,N,L,35,,STRETFORD ROAD,URMSTON,MANCHESTER,TRAFFORD,GREATER MANCHESTER
{1775CCF7-24C7-38BA-E063-4704A8C05A7C},625000,2023-07-28 00:00,M41 6JP,D,N,F,6,,IRLAM ROAD,URMSTON,MANCHESTER,TRAFFORD,GREATER MANCHESTER
{1775CCF7-24F3-38BA-E063-4704A8C05A7C},350000,2023-12-14 00:00,M41 0SG,S,N,L,2,,CHISLEHURST AVENUE,URMSTON,MANCHESTER,TRAFFORD,GREATER MANCHESTER
{1775CCF7-4433-38BA-E063-4704A8C05A7C},409000,2023-08-08 00:00,M41 8SD,D,N,L,36,,DELBOOTH AVENUE,URMSTON,MANCHESTER,TRAFFORD,GREATER MANCHESTER
{1775CCF7-455D-38BA-E063-4704A8C05A7C},482500,2023-12-19 00:00,M41 5AH,T,N,F,29,,WYCLIFFE ROAD,URMSTON,MANCHESTER,TRAFFORD,GREATER MANCHESTER
{1775CCF7-56E4-38BA-E063-4704A8C05A7C},114000,2023-06-23 00:00,M41 5ND,F,N,L,12,FLAT 29,FLIXTON ROAD,URMSTON,MANCHESTER,TRAFFORD,GREATER MANCHESTER
{1775CCF7-571A-38BA-E063-4704A8C05A7C},301000,2023-12-13 00:00,M41 5RJ,T,N,F,123,,MOORSIDE ROAD,URMSTON,MANCHESTER,TRAFFORD,GREATER MANCHESTER
{1775CCF7-5750-38BA-E063-4704A8C05A7C},540000,2023-01-20 00:00,M41 0RR,D,N,L,26,,WESTMINSTER ROAD,URMSTON,MANCHESTER,TRAFFORD,GREATER MANCHESTER
{1775CCF7-57F2-38BA-E063-4704A8C05A7C},285000,2023-11-17 00:00,M41 6NA,S,N,F,138,,IRLAM ROAD,URMSTON,MANCHESTER,TRAFFORD,GREATER MANCHESTER
{FAC30767-1808-5E20-E053-4704A8C004EE},275000,2023-02-17 00:00,M41 6WE,S,N,F,236,,IRLAM ROAD,URMSTON,MANCHESTER,TRAFFORD,GREATER MANCHESTER
{FAC30767-186F-5E20-E053-4704A8C004EE},225000,2023-02-24 00:00,M41 8DW,S,N,L,2,,LINGMELL CLOSE,URMSTON,MANCHESTER,TRAFFORD,GREATER MANCHESTER
{1C3E72FE-5BD7-F410-E063-4804A8C0DFA6},440000,2023-12-08 00:00,M41 7GA,D,N,F,11,,PRESTWOOD CLOSE,URMSTON,MANCHESTER,TRAFFORD,GREATER MANCHESTER
{FAC30767-166E-5E20-E053-4704A8C004EE},310000,2023-01-31 00:00,M41 6WR,S,N,F,42,,DUNSTER DRIVE,URMSTON,MANCHESTER,TRAFFORD,GREATER MANCHESTER
{1EAE3DF6-A1FD-9EB1-E063-4704A8C09D02},225000,2023-10-04 00:00,M41 9BE,T,N,F,29,,ALBERT AVENUE,URMSTON,MANCHESTER,TRAFFORD,GREATER MANCHESTER
{152AB734-7F0F-E651-E063-4704A8C061D9},232500,2023-11-30 00:00,M41 6QT,T,N,F,426,,FLIXTON ROAD,URMSTON,MANCHESTER,TRAFFORD,GREATER MANCHESTER
{1EAE3DF6-7965-9EB1-E063-4704A8C09D02},363000,2023-09-08 00:00,M41 6QL,S,N,F,8,,GRASMERE AVENUE,URMSTON,MANCHESTER,TRAFFORD,GREATER MANCHESTER
{1EAE3DF6-7BF0-9EB1-E063-4704A8C09D02},355000,2023-10-09 00:00,M41 8DE,S,N,F,7,,CROSS KNOWLE VIEW,URMSTON,MANCHESTER,TRAFFORD,GREATER MANCHESTER
{1EAE3DF7-59D1-9EB1-E063-4704A8C09D02},325000,2023-03-31 00:00,M41 9PN,S,N,F,128,,FIRWOOD AVENUE,URMSTON,MANCHESTER,TRAFFORD,GREATER MANCHESTER
{1EAE3DF6-7C7C-9EB1-E063-4704A8C09D02},317500,2023-10-12 00:00,M41 7AQ,S,N,F,15,,WESTOVER ROAD,URMSTON,MANCHESTER,TRAFFORD,GREATER MANCHESTER
{152AB734-7852-E651-E063-4704A8C061D9},305000,2023-06-23 00:00,M41 0TZ,T,N,F,13,,CROFTS BANK ROAD,URMSTON,MANCHESTER,TRAFFORD,GREATER MANCHESTER
{1EAE3DF7-6651-9EB1-E063-4704A8C09D02},285000,2023-08-24 00:00,M41 0RA,S,N,F,67,,CANTERBURY ROAD,URMSTON,MANCHESTER,TRAFFORD,GREATER MANCHESTER
{06C9F487-8CEA-9388-E063-4804A8C0BD98},525000,2023-07-19 00:00,M41 8SA,D,N,F,27,,GLENEAGLES ROAD,URMSTON,MANCHESTER,TRAFFORD,GREATER MANCHESTER
{F5E8B081-626F-3A13-E053-6C04A8C060B7},305000,2023-01-13 00:00,M41 9AE,T,N,F,44,,GLOUCESTER ROAD,URMSTON,MANCHESTER,TRAFFORD,GREATER MANCHESTER
{06C9F487-7A29-9388-E063-4804A8C0BD98},426000,2023-08-18 00:00,M41 9DP,S,N,F,15,,LONGFIELD AVENUE,URMSTON,MANCHESTER,TRAFFORD,GREATER MANCHESTER
{06C9F487-7A2C-9388-E063-4804A8C0BD98},335000,2023-08-04 00:00,M41 9NN,S,N,F,22,,NEWCROFT ROAD,URMSTON,MANCHESTER,TRAFFORD,GREATER MANCHESTER
{F87E72F9-238B-176C-E053-6B04A8C0D2BE},194500,2023-02-28 00:00,M41 9BA,F,N,L,9,,GEORGE STREET,URMSTON,MANCHESTER,TRAFFORD,GREATER MANCHESTER
{06C9F487-7A3E-9388-E063-4804A8C0BD98},223000,2023-09-11 00:00,M41 7EX,T,N,F,9,,SKYE ROAD,URMSTON,MANCHESTER,TRAFFORD,GREATER MANCHESTER
{06C9F487-7A42-9388-E063-4804A8C0BD98},430000,2023-03-15 00:00,M41 0GS,D,N,L,36,,SHERBORNE ROAD,URMSTON,MANCHESTER,TRAFFORD,GREATER MANCHESTER
{F87E72F9-24FA-176C-E053-6B04A8C0D2BE},155000,2023-02-03 00:00,M41 9WJ,F,N,L,296A,,STRETFORD ROAD,URMSTON,MANCHESTER,TRAFFORD,GREATER MANCHESTER
{F87E72F9-2590-176C-E053-6B04A8C0D2BE},385000,2023-02-07 00:00,M41 0RW,S,N,F,83,,WESTMINSTER ROAD,URMSTON,MANCHESTER,TRAFFORD,GREATER MANCHESTER
{06C9F487-7A64-9388-E063-4804A8C0BD98},275000,2023-07-19 00:00,M41 7EZ,S,N,F,13,,JURA DRIVE,URMSTON,MANCHESTER,TRAFFORD,GREATER MANCHESTER
{06C9F487-89F1-9388-E063-4804A8C0BD98},275000,2023-08-31 00:00,M41 0AA,F,N,L,"OAKFIELD COURT, 44",APARTMENT 37,CROFTS BANK ROAD,URMSTON,MANCHESTER,TRAFFORD,GREATER MANCHESTER
{06C9F487-7AD3-9388-E063-4804A8C0BD98},415000,2023-08-18 00:00,M41 7AS,S,N,F,61,,HAYESWATER ROAD,URMSTON,MANCHESTER,TRAFFORD,GREATER MANCHESTER
{06C9F487-8A99-9388-E063-4804A8C0BD98},346000,2023-08-18 00:00,M41 5BZ,S,N,F,45,,VICTORIA ROAD,URMSTON,MANCHESTER,TRAFFORD,GREATER MANCHESTER
{06C9F487-7B37-9388-E063-4804A8C0BD98},325000,2023-08-31 00:00,M41 0XT,T,N,F,64,,RAILWAY ROAD,URMSTON,MANCHESTER,TRAFFORD,GREATER MANCHESTER
{2859C1AB-E22E-52B4-E063-4804A8C05948},160000,2023-09-29 00:00,M41 9EX,F,N,L,5,,CHASSEN COURT,URMSTON,MANCHESTER,TRAFFORD,GREATER MANCHESTER
{2859C1AC-0C36-52B4-E063-4804A8C05948},260000,2023-10-17 00:00,M41 6FF,S,N,F,34,,SNOWDEN AVENUE,URMSTON,MANCHESTER,TRAFFORD,GREATER MANCHESTER
{045A1898-90AD-9A24-E063-4804A8C048EA},433000,2023-06-26 00:00,M41 7AH,D,N,F,49,,CANTERBURY ROAD,URMSTON,MANCHESTER,TRAFFORD,GREATER MANCHESTER
{2859C1AC-2897-52B4-E063-4804A8C05948},295000,2023-06-16 00:00,M41 9PB,S,N,F,20,,HILROSE AVENUE,URMSTON,MANCHESTER,TRAFFORD,GREATER MANCHESTER
{045A1898-92FC-9A24-E063-4804A8C048EA},270000,2023-07-25 00:00,M41 0UN,S,N,F,156,,WINCHESTER ROAD,URMSTON,MANCHESTER,TRAFFORD,GREATER MANCHESTER
{045A1898-9309-9A24-E063-4804A8C048EA},390000,2023-07-28 00:00,M41 0QF,S,N,F,222,,CANTERBURY ROAD,URMSTON,MANCHESTER,TRAFFORD,GREATER MANCHESTER
{045A1898-90DC-9A24-E063-4804A8C048EA},226500,2023-07-14 00:00,M41 8DY,S,N,L,52,,ROSSETT DRIVE,URMSTON,MANCHESTER,TRAFFORD,GREATER MANCHESTER
{045A1898-9311-9A24-E063-4804A8C048EA},460000,2023-03-30 00:00,M41 8QH,D,N,L,246,,DAVYHULME ROAD,URMSTON,MANCHESTER,TRAFFORD,GREATER MANCHESTER
{045A1898-9566-9A24-E063-4804A8C048EA},379000,2023-07-07 00:00,M41 7BR,S,N,F,19,,DAVYHULME ROAD,URMSTON,MANCHESTER,TRAFFORD,GREATER MANCHESTER
{045A1898-9106-9A24-E063-4804A8C048EA},341000,2023-06-22 00:00,M41 8QU,S,N,F,17,,BISHOP ROAD,URMSTON,MANCHESTER,TRAFFORD,GREATER MANCHESTER
{045A1898-910F-9A24-E063-4804A8C048EA},220000,2023-02-17 00:00,M41 5TN,D,N,L,19,,ENTWISLE AVENUE,URMSTON,MANCHESTER,TRAFFORD,GREATER MANCHESTER
{F5E8B081-3971-3A13-E053-6C04A8C060B7},285000,2023-01-20 00:00,M41 7FA,S,N,F,3,,NEWBURY DRIVE,URMSTON,MANCHESTER,TRAFFORD,GREATER MANCHESTER
{F5E8B081-39F4-3A13-E053-6C04A8C060B7},450000,2023-01-20 00:00,M41 0QP,S,N,F,41,,KIRKSTALL ROAD,URMSTON,MANCHESTER,TRAFFORD,GREATER MANCHESTER
{F5E8B081-3A5F-3A13-E053-6C04A8C060B7},325000,2023-01-20 00:00,M41 9PQ,S,N,F,36,,DURNFORD AVENUE,URMSTON,MANCHESTER,TRAFFORD,GREATER MANCHESTER
{F5E8B081-3670-3A13-E053-6C04A8C060B7},254000,2023-01-31 00:00,M41 6WW,T,N,L,6,,LYNTON AVENUE,URMSTON,MANCHESTER,TRAFFORD,GREATER MANCHESTER
{045A1898-91AD-9A24-E063-4804A8C048EA},338000,2023-07-14 00:00,M41 7FH,S,N,F,78,,KINGSWAY PARK,URMSTON,MANCHESTER,TRAFFORD,GREATER MANCHESTER
{F5E8B081-36A7-3A13-E053-6C04A8C060B7},520500,2023-01-06 00:00,M41 5TB,S,N,L,2,,MOORLANDS AVENUE,URMSTON,MANCHESTER,TRAFFORD,GREATER MANCHESTER
{F5E8B081-3AB4-3A13-E053-6C04A8C060B7},336000,2023-01-20 00:00,M41 9WF,S,N,F,87,,HUMPHREY PARK,URMSTON,MANCHESTER,TRAFFORD,GREATER MANCHESTER
{F5E8B081-3736-3A13-E053-6C04A8C060B7},461000,2023-01-13 00:00,M41 5RB,D,N,L,36,,MOORSIDE ROAD,URMSTON,MANCHESTER,TRAFFORD,GREATER MANCHESTER
{F5E8B081-3C15-3A13-E053-6C04A8C060B7},263000,2023-01-20 00:00,M41 0XZ,T,N,F,11,,GLADSTONE ROAD,URMSTON,MANCHESTER,TRAFFORD,GREATER MANCHESTER
{F5E8B081-3AD7-3A13-E053-6C04A8C060B7},175000,2023-01-05 00:00,M41 6NW,T,N,F,44,,LYTHAM ROAD,URMSTON,MANCHESTER,TRAFFORD,GREATER MANCHESTER
{045A1898-91BC-9A24-E063-4804A8C048EA},220000,2023-08-25 00:00,M41 5SW,F,N,L,KELMSCOTT LODGE,FLAT 7,CORNHILL ROAD,URMSTON,MANCHESTER,TRAFFORD,GREATER MANCHESTER
{F5E8B081-393D-3A13-E053-6C04A8C060B7},160000,2023-01-31 00:00,M41 8PU,D,N,F,152,,WOODSEND ROAD,URMSTON,MANCHESTER,TRAFFORD,GREATER MANCHESTER
{25E9DA81-1084-555E-E063-4704A8C066F2},163000,2023-07-21 00:00,M41 9JN,F,N,L,22 - 24,APARTMENT 2,STATION ROAD,URMSTON,MANCHESTER,TRAFFORD,GREATER MANCHESTER
{045A1898-924F-9A24-E063-4804A8C048EA},335000,2023-07-28 00:00,M41 9PZ,S,N,F,41,,MOUNT DRIVE,URMSTON,MANCHESTER,TRAFFORD,GREATER MANCHESTER
{045A1898-9257-9A24-E063-4804A8C048EA},165000,2023-07-14 00:00,M41 5BQ,F,N,L,7,,LEGWOOD COURT,URMSTON,MANCHESTER,TRAFFORD,GREATER MANCHESTER
{06C9F487-5D22-9388-E063-4804A8C0BD98},290000,2023-04-14 00:00,M41 8NX,T,N,F,35,,SELBY DRIVE,URMSTON,MANCHESTER,TRAFFORD,GREATER MANCHESTER
{06C9F487-5EB2-9388-E063-4804A8C0BD98},324456,2023-08-09 00:00,M41 9QS,S,N,F,18,,BERWICK AVENUE,URMSTON,MANCHESTER,TRAFFORD,GREATER MANCHESTER
{06C9F487-5EB3-9388-E063-4804A8C0BD98},180000,2023-08-18 00:00,M41 9HH,F,N,L,24,,MANOR PARK,URMSTON,MANCHESTER,TRAFFORD,GREATER MANCHESTER
{06C9F487-6065-9388-E063-4804A8C0BD98},256000,2023-07-21 00:00,M41 7FF,T,N,F,360,,KINGSWAY PARK,URMSTON,MANCHESTER,TRAFFORD,GREATER MANCHESTER
{045A1898-9288-9A24-E063-4804A8C048EA},265000,2023-07-07 00:00,M41 9BD,T,N,F,165,,HIGHER ROAD,URMSTON,MANCHESTER,TRAFFORD,GREATER MANCHESTER
{25E9DA80-C5F2-555E-E063-4704A8C066F2},399500,2023-12-13 00:00,M41 7NT,S,N,F,69,,WOODHOUSE ROAD,URMSTON,MANCHESTER,TRAFFORD,GREATER MANCHESTER
{25E9DA80-C5FD-555E-E063-4704A8C066F2},440000,2023-07-31 00:00,M41 0SH,S,N,F,257,,CANTERBURY ROAD,URMSTON,MANCHESTER,TRAFFORD,GREATER MANCHESTER
{25E9DA80-C829-555E-E063-4704A8C066F2},335000,2023-12-19 00:00,M41 5DW,T,N,F,32,,ALDERLEY ROAD,URMSTON,MANCHESTER,TRAFFORD,GREATER MANCHESTER
{01EB45F0-878C-40F3-E063-4704A8C05FDE},422500,2023-06-22 00:00,M41 0XZ,O,N,F,48,,GLADSTONE ROAD,URMSTON,MANCHESTER,TRAFFORD,GREATER MANCHESTER
{06C9F487-5D3D-9388-E063-4804A8C0BD98},310000,2023-08-18 00:00,M41 8UW,S,N,F,2,,CECIL DRIVE,URMSTON,MANCHESTER,TRAFFORD,GREATER MANCHESTER
{06C9F487-5D4B-9388-E063-4804A8C0BD98},332500,2023-08-07 00:00,M41 0XT,T,N,F,62,,RAILWAY ROAD,URMSTON,MANCHESTER,TRAFFORD,GREATER MANCHESTER
{06C9F487-5D51-9388-E063-4804A8C0BD98},428000,2023-04-12 00:00,M41 8UN,D,N,F,11A,,LAWRENCE ROAD,URMSTON,MANCHESTER,TRAFFORD,GREATER MANCHESTER
{06C9F487-5D5F-9388-E063-4804A8C0BD98},325000,2023-04-06 00:00,M41 6HH,S,N,F,7,,CAMBRIDGE ROAD,URMSTON,MANCHESTER,TRAFFORD,GREATER MANCHESTER
{06C9F487-5D76-9388-E063-4804A8C0BD98},260000,2023-07-31 00:00,M41 6EL,S,N,F,8,,SNOWDEN AVENUE,URMSTON,MANCHESTER,TRAFFORD,GREATER MANCHESTER
{06C9F487-5F19-9388-E063-4804A8C0BD98},185000,2023-08-14 00:00,M41 9RD,T,N,L,16,,ORME CLOSE,URMSTON,MANCHESTER,TRAFFORD,GREATER MANCHESTER
{06C9F487-5F4D-9388-E063-4804A8C0BD98},290000,2023-07-10 00:00,M41 8UD,S,N,F,86,,DERWENT ROAD,URMSTON,MANCHESTER,TRAFFORD,GREATER MANCHESTER
{06C9F487-5C6D-9388-E063-4804A8C0BD98},287500,2023-08-16 00:00,M41 5AE,S,N,F,26,,NEWTON ROAD,URMSTON,MANCHESTER,TRAFFORD,GREATER MANCHESTER
{06C9F487-5E1C-9388-E063-4804A8C0BD98},162000,2023-07-21 00:00,M41 7DY,F,N,L,12,,WOODBANK COURT,URMSTON,MANCHESTER,TRAFFORD,GREATER MANCHESTER
{01EB45F0-927C-40F3-E063-4704A8C05FDE},350000,2023-03-24 00:00,M41 5AY,S,N,F,65,,ROSENEATH ROAD,URMSTON,MANCHESTER,TRAFFORD,GREATER MANCHESTER
{06C9F487-5E53-9388-E063-4804A8C0BD98},320000,2023-06-30 00:00,M41 6HB,S,N,F,9,,HASLEMERE ROAD,URMSTON,MANCHESTER,TRAFFORD,GREATER MANCHESTER
{06C9F487-6002-9388-E063-4804A8C0BD98},375000,2023-08-07 00:00,M41 0RQ,S,N,L,109,,WESTMINSTER ROAD,URMSTON,MANCHESTER,TRAFFORD,GREATER MANCHESTER
{25E9DA81-0E34-555E-E063-4704A8C066F2},268000,2023-11-13 00:00,M41 6FA,S,N,F,5,,SNOWDEN AVENUE,URMSTON,MANCHESTER,TRAFFORD,GREATER MANCHESTER
{25E9DA81-0F89-555E-E063-4704A8C066F2},145000,2023-12-08 00:00,M41 5TS,F,N,L,185,APARTMENT 19,MOORSIDE ROAD,URMSTON,MANCHESTER,TRAFFORD,GREATER MANCHESTER
{06C9F487-5CE5-9388-E063-4804A8C0BD98},450000,2023-01-13 00:00,M41 6JR,S,N,F,29,,IRLAM ROAD,URMSTON,MANCHESTER,TRAFFORD,GREATER MANCHESTER
{06C9F487-5CFA-9388-E063-4804A8C0BD98},300000,2023-08-18 00:00,M41 0UL,S,N,F,118,,WINCHESTER ROAD,URMSTON,MANCHESTER,TRAFFORD,GREATER MANCHESTER
{06C9F487-5CFF-9388-E063-4804A8C0BD98},225000,2023-09-14 00:00,M41 5SW,F,N,L,KELMSCOTT LODGE,FLAT 4,CORNHILL ROAD,URMSTON,MANCHESTER,TRAFFORD,GREATER MANCHESTER
{06C9F487-5E99-9388-E063-4804A8C0BD98},257500,2023-09-01 00:00,M41 6ER,D,N,F,47,,TOWN GATE DRIVE,URMSTON,MANCHESTER,TRAFFORD,GREATER MANCHESTER
{01EB45F0-86FB-40F3-E063-4704A8C05FDE},375000,2023-06-30 00:00,M41 7TE,O,N,L,UNIT 5,,THE BRIDGEWATER CENTRE,URMSTON,MANCHESTER,TRAFFORD,GREATER MANCHESTER
{01EB45F0-8CE7-40F3-E063-4704A8C05FDE},310000,2023-06-15 00:00,M41 8QR,D,N,F,9,,RYEBURN WALK,URMSTON,MANCHESTER,TRAFFORD,GREATER MANCHESTER
